顶楼带阁楼自住精装修精品房源,107103596827,丹桂佳苑,https://sh.ke.com/xiaoqu/5011000003127/,高楼层(共6层)|2008年建|5室2厅|125.49平米|南,266,万,单价21197元/平米,36人关注/1月前发布,浦东,bp250ep300,l5
空中别墅，满五年税费少，公园位置，居住安静,107102960177,艺泰安邦,https://sh.ke.com/xiaoqu/5011000012807/,高楼层(共17层)|2008年建|5室2厅|215.82平米|南北东西,600,万,单价27801元/平米,46人关注/7月前发布,浦东,bp500ep600,l5
万达旁18号线地铁口经典复式房满五年,107103644546,双秀南园,https://sh.ke.com/xiaoqu/5011000010450/,高楼层(共6层)|2004年建|5室3厅|121.98平米|南北,600,万,单价49189元/平米,27人关注/1月前发布,浦东,bp500ep600,l5
"花园叠墅户型佳,满五*精装修,产权清晰诚心出售！",107103390244,绿地东岸涟城,https://sh.ke.com/xiaoqu/5011000014142/,低楼层(共3层)|2008年建|5室3厅|197.4平米|南北,698.8,万,单价35401元/平米,65人关注/3月前发布,浦东,bp600ep700,l5
空中别墅，满五年税费少，公园位置，居住安静,107102960177,艺泰安邦,https://sh.ke.com/xiaoqu/5011000012807/,高楼层(共17层)|2008年建|5室2厅|215.82平米|南北东西,600,万,单价27801元/平米,46人关注/7月前发布,浦东,bp600ep700,l5
万达旁18号线地铁口经典复式房满五年,107103644546,双秀南园,https://sh.ke.com/xiaoqu/5011000010450/,高楼层(共6层)|2004年建|5室3厅|121.98平米|南北,600,万,单价49189元/平米,27人关注/1月前发布,浦东,bp600ep700,l5
大别墅，地上三层，带近百平的大花园，税费*少,107103516654,福汇一村,https://sh.ke.com/xiaoqu/5011000000321/,低楼层(共1层)|1997年建|5室2厅|282平米|南北,630,万,单价22341元/平米,48人关注/2月前发布,浦东,bp600ep700,l5
绿海三期5楼复式带双露台，无违章；产权清晰+精装修,107103600074,绿海家园,https://sh.ke.com/xiaoqu/5011000017121/,高楼层(共5层)|2004年建|5室3厅|192.53平米|南北,660,万,单价34281元/平米,14人关注/1月前发布,浦东,bp600ep700,l5
顶楼复式阁楼高带南北2个大面积露台,107000723003,鑫龙佳苑,https://sh.ke.com/xiaoqu/5011000009249/,高楼层(共6层)|2003年建|5室3厅|211.26平米|南,680,万,单价32188元/平米,8人关注/4年前发布,浦东,bp600ep700,l5
买一层得一层，02年商品房，地铁口，出门商场,107103433417,绿川家园,https://sh.ke.com/xiaoqu/5011000014826/,高楼层(共6层)|2002年建|5室2厅|112.09平米|南,750,万,单价66911元/平米,62人关注/3月前发布,浦东,bp700ep800,l5
上叠，满五，精装修，带地暖，楼层好,107102752489,绿地东岸涟城,https://sh.ke.com/xiaoqu/5011000014142/,低楼层(共3层)|2008年建|5室2厅|197.26平米|南北,710,万,单价35994元/平米,80人关注/9月前发布,浦东,bp700ep800,l5
单价低面积大看房随时采光无遮挡业主诚售,107102463441,名门世家(浦东),https://sh.ke.com/xiaoqu/5011000012167/,中楼层(共12层)|1998年建|5室1厅|173平米|南,800,万,单价46243元/平米,37人关注/11月前发布,浦东,bp700ep800,l5
浦东江景洼房，大面积低单价，滨江好房,107103795454,凌三小区,https://sh.ke.com/xiaoqu/5011000012463/,高楼层(共18层)|1995年建|5室1厅|153.9平米|南,1000,万,单价64978元/平米,10人关注/7天前发布,浦东,bp800ep1000,l5
6.8.11号线前滩辐射区域+一梯两户+顶楼复式+总面积大,107103696310,岭南苑(凌兆路99弄),https://sh.ke.com/xiaoqu/5011000001724/,高楼层(共6层)|2000年建|5室2厅|175.51平米|南,908,万,单价51735元/平米,55人关注/27天前发布,浦东,bp800ep1000,l5
前滩辐射区域+6.8.11号线三轨交汇+全明户型+近地铁,107103651194,岭南苑(凌兆路99弄),https://sh.ke.com/xiaoqu/5011000001724/,高楼层(共6层)|2002年建|5室2厅|162.34平米|南,980,万,单价60368元/平米,14人关注/1月前发布,浦东,bp800ep1000,l5
09年商品房电梯复式，近地铁，满五年,107103797539,和憬家园,https://sh.ke.com/xiaoqu/5011000009585/,高楼层(共8层)|2009年建|5室2厅|162.3平米|南北,920,万,单价56686元/平米,8人关注/6天前发布,浦东,bp800ep1000,l5
一梯一户大平层，五房四卫格局好，满五诚心出售。,107103682987,鼎鑫名流世家,https://sh.ke.com/xiaoqu/5011000014056/,低楼层(共13层)|2009年建|5室2厅|187.16平米|南北,950,万,单价50759元/平米,14人关注/29天前发布,浦东,bp800ep1000,l5
长泰东郊御园(别墅)5室3厅南,107103729698,长泰东郊御园(别墅),https://sh.ke.com/xiaoqu/5011000012834/,低楼层(共3层)|2012年建|5室3厅|188.94平米|南,950,万,单价50281元/平米,18人关注/20天前发布,浦东,bp800ep1000,l5
联排别墅+近地铁16号线惠南站+生活配套完善,107103545783,东城花苑二村,https://sh.ke.com/xiaoqu/5011000011160/,低楼层(共3层)5室2厅|230.38平米|南北,880,万,单价38198元/平米,35人关注/2月前发布,浦东,bp800ep1000,l5
单价低面积大看房随时采光无遮挡业主诚售,107102463441,名门世家(浦东),https://sh.ke.com/xiaoqu/5011000012167/,中楼层(共12层)|1998年建|5室1厅|173平米|南,800,万,单价46243元/平米,37人关注/11月前发布,浦东,bp800ep1000,l5
浦东江景洼房，大面积低单价，滨江好房,107103795454,凌三小区,https://sh.ke.com/xiaoqu/5011000012463/,高楼层(共18层)|1995年建|5室1厅|153.9平米|南,1000,万,单价64978元/平米,10人关注/7天前发布,浦东,bp1000ep100000,l5
两梯两户+有产权车位+大阳台+满五免征个人所得税+诚售,107103610340,大华锦绣华城(十八街区)(公寓),https://sh.ke.com/xiaoqu/5011000016533/,低楼层(共20层)|2006年建|5室2厅|195.9平米|南北,1850,万,单价94436元/平米,66人关注/1月前发布,浦东,bp1000ep100000,l5
别墅感受的五房60万精装修+税费少+2层地下室约100平,107103471838,华丽家族花园,https://sh.ke.com/xiaoqu/5011000016161/,低楼层(共31层)|2002年建|5室2厅|110.22平米|南,1680,万,单价152423元/平米,84人关注/3月前发布,浦东,bp1000ep100000,l5
独栋别墅业主诚心出售小区环境好,107103426799,欧泊圣堡苑,https://sh.ke.com/xiaoqu/5011000013643/,低楼层(共3层)|2006年建|5室2厅|262.73平米|南北,1450,万,单价55190元/平米,103人关注/3月前发布,浦东,bp1000ep100000,l5
"顶楼复式空中别墅满五*,税费少可签字业主诚意",107103542153,陆家嘴新景园,https://sh.ke.com/xiaoqu/5011000014260/,高楼层(共11层)|2002年建|5室2厅|164.22平米|南,1800,万,单价109610元/平米,50人关注/2月前发布,浦东,bp1000ep100000,l5
近地铁小区环境优美舒适宜居毛坯房业主诚心出售,107103583091,丝庐雅苑(别墅),https://sh.ke.com/xiaoqu/5011000019137/,低楼层(共3层)|2012年建|5室2厅|307.67平米|南,1230,万,单价39978元/平米,13人关注/1月前发布,浦东,bp1000ep100000,l5
杨思前滩+三轨交汇+顶楼复式+大露台+视野佳,107103622897,都林龙苑,https://sh.ke.com/xiaoqu/5011000014182/,高楼层(共6层)|2002年建|5室3厅|124.17平米|南,1065,万,单价85770元/平米,24人关注/1月前发布,浦东,bp1000ep100000,l5
中间位置，顶层复式，大露台，俯瞰世纪公园,107103628500,仁恒河滨城(二期),https://sh.ke.com/xiaoqu/5020038090937741/,高楼层(共30层)|2007年建|5室2厅|407.46平米|南,5988,万,单价146960元/平米,23人关注/1月前发布,浦东,bp1000ep100000,l5
万科品质精装别墅低密度上下共五层带有南边大花园,107103482134,万科清林径,https://sh.ke.com/xiaoqu/5011000009225/,低楼层(共4层)|2012年建|5室2厅|238.83平米|南,1080,万,单价45221元/平米,59人关注/2月前发布,浦东,bp1000ep100000,l5
阳光城愉景湾高品质人车分流上叠别墅精装修,107103451457,阳光城愉景湾,https://sh.ke.com/xiaoqu/5011000020013/,低楼层(共3层)|2016年建|5室3厅|156.4平米|南,1150,万,单价73530元/平米,36人关注/3月前发布,浦东,bp1000ep100000,l5
2号线广兰路，阳光花城，顶楼复式,107103566984,阳光花城,https://sh.ke.com/xiaoqu/5011000013723/,高楼层(共19层)|2009年建|5室2厅|199.79平米|南,1650,万,单价82587元/平米,76人关注/2月前发布,浦东,bp1000ep100000,l5
三复四-五带电梯-户型方正-南北格局-采光充足,107103461083,金桥瑞仕花园,https://sh.ke.com/xiaoqu/5011000012977/,低楼层(共3层)|2009年建|5室2厅|317.72平米|南北,4100,万,单价129045元/平米,100人关注/3月前发布,浦东,bp1000ep100000,l5
满五年，北进门南花园，花园大，私密性好，采光明亮,107103567611,罗山绿洲,https://sh.ke.com/xiaoqu/5011000018296/,低楼层(共2层)|2004年建|5室3厅|360.4平米|南,3200,万,单价88791元/平米,44人关注/2月前发布,浦东,bp1000ep100000,l5
飞轩瞰碧流，此地MOST清幽，二期临湖,107103469974,棕榈泉花园,https://sh.ke.com/xiaoqu/5011000018260/,低楼层(共3层)|2004年建|5室3厅|721.19平米|南,4500,万,单价62397元/平米,34人关注/3月前发布,浦东,bp1000ep100000,l5
04年会所级商品房中间复式、满五+双车位采光好诚意售,107103557944,东南华庭,https://sh.ke.com/xiaoqu/5011000016128/,低楼层(共29层)|2004年建|5室2厅|157.61平米|西南,1750,万,单价111034元/平米,26人关注/2月前发布,浦东,bp1000ep100000,l5
感受中国建筑的独特之美，获得骨子里的情感共鸣。。,107103406187,东园雅集轩,https://sh.ke.com/xiaoqu/5011000010061/,低楼层(共3层)|2010年建|5室3厅|765.28平米|东,5980,万,单价78142元/平米,31人关注/3月前发布,浦东,bp1000ep100000,l5
已核验备案三层空中复式墅级客厅气派装修带露台,107103425571,绿洲康城亲水湾(中央区),https://sh.ke.com/xiaoqu/5011000013546/,高楼层(共17层)|2007年建|5室3厅|234.9平米|南北,1960,万,单价83440元/平米,71人关注/3月前发布,浦东,bp1000ep100000,l5
精装大别墅带阁楼带车位诚意出售花园享受不临路,107103789654,阳光城愉景湾,https://sh.ke.com/xiaoqu/5011000020013/,低楼层(共3层)|2015年建|5室3厅|156.02平米|南,1230,万,单价78837元/平米,15人关注/8天前发布,浦东,bp1000ep100000,l5
大华锦绣华城(十七街区)(别墅)5室3厅南,107103779270,大华锦绣华城(十七街区)(别墅),https://sh.ke.com/xiaoqu/5011000004958/,低楼层(共4层)|2014年建|5室3厅|628.1平米|南,7288,万,单价116033元/平米,5人关注/11天前发布,浦东,bp1000ep100000,l5
万科别墅管家丨中间位置临水丨千平以上的花园,107103686858,万科提香别墅,https://sh.ke.com/xiaoqu/5011000016300/,低楼层(共2层)|2004年建|5室2厅|380.96平米|东南,3800,万,单价99749元/平米,20人关注/28天前发布,浦东,bp1000ep100000,l5
视野宽阔面积大每一层都是自带电梯业主诚意带车位,107103551683,金大元御珑公馆(公寓),https://sh.ke.com/xiaoqu/5011000003304/,低楼层(共6层)|2015年建|5室2厅|442.23平米|南,2250,万,单价50879元/平米,8人关注/2月前发布,浦东,bp1000ep100000,l5
空中别墅，有地下产权车位，带露台，上下2层,107103542052,东兴华苑,https://sh.ke.com/xiaoqu/5011000008853/,高楼层(共11层)|2002年建|5室3厅|191.17平米|南,1658,万,单价86730元/平米,14人关注/2月前发布,浦东,bp1000ep100000,l5
绿洲康城金帝豪苑5室3厅南,107103528485,绿洲康城金帝豪苑,https://sh.ke.com/xiaoqu/5011000012207/,低楼层(共2层)|2006年建|5室3厅|348.33平米|南,5000,万,单价143543元/平米,11人关注/2月前发布,浦东,bp1000ep100000,l5
满五*+小区央位+静谧雅致+南北双露台~,107103498844,锦河苑,https://sh.ke.com/xiaoqu/5011000003526/,高楼层(共6层)|2000年建|5室2厅|182.52平米|南,1016,万,单价55666元/平米,47人关注/2月前发布,浦东,bp1000ep100000,l5
陆家嘴后花园改善五房，地铁高品质小区+一个车位,107103381360,浦东世纪花园(公寓),https://sh.ke.com/xiaoqu/5011000017324/,低楼层(共33层)|2005年建|5室2厅|270.73平米|南,2600,万,单价96037元/平米,1人关注/3月前发布,浦东,bp1000ep100000,l5
税费各付位置安静不靠路业主诚意价格周期可小谈,107103322638,九龙仓滨江壹十八,https://sh.ke.com/xiaoqu/5011000019165/,中楼层(共17层)|2016年建|5室2厅|364.8平米|南,5200,万,单价142544元/平米,34人关注/4月前发布,浦东,bp1000ep100000,l5
万科第五园大户型精装满五*免个税,107103271281,万科第五园,https://sh.ke.com/xiaoqu/5011000004278/,低楼层(共3层)|2011年建|5室3厅|331.83平米|南,2380,万,单价71724元/平米,8人关注/5月前发布,浦东,bp1000ep100000,l5
公寓的品质别墅的享受具大平层新装修,107103257667,联洋新苑,https://sh.ke.com/xiaoqu/5011000016609/,低楼层(共34层)|2003年建|5室2厅|198.25平米|南,1800,万,单价90795元/平米,57人关注/5月前发布,浦东,bp1000ep100000,l5
东源丽晶5室3厅南北,107103193355,东源丽晶,https://sh.ke.com/xiaoqu/5011000017620/,低楼层(共2层)|2003年建|5室3厅|305.95平米|南北,2750,万,单价89884元/平米,30人关注/5月前发布,浦东,bp1000ep100000,l5
陆家嘴全新顶楼复式，复式挑空厅高7米，主卧层高近4米,107103159967,万科翡翠滨江(一期),https://sh.ke.com/xiaoqu/5011000001921/,高楼层(共30层)5室3厅|353.83平米|南,5088,万,单价143798元/平米,222人关注/5月前发布,浦东,bp1000ep100000,l5
顶楼两层，有露台，宽敞居住，得房率高,107103125331,贝越流明新苑,https://sh.ke.com/xiaoqu/5011000012046/,高楼层(共6层)|2003年建|5室3厅|202平米|南,1080,万,单价53466元/平米,177人关注/6月前发布,浦东,bp1000ep100000,l5
陆家嘴豪.宅小区品质高，南北通5房百里视野无遮挡,107103064627,九龙仓滨江壹十八,https://sh.ke.com/xiaoqu/5011000019165/,低楼层(共17层)|2017年建|5室2厅|295.2平米|南,4450,万,单价150746元/平米,47人关注/6月前发布,浦东,bp1000ep100000,l5
小陆家嘴，复式5房带露台带保姆间，看三大神器,107103028610,瑞苑公寓,https://sh.ke.com/xiaoqu/5011000009271/,高楼层(共40层)|2001年建|5室2厅|389.47平米|南西北,2880,万,单价73947元/平米,163人关注/7月前发布,浦东,bp1000ep100000,l5
世博复式使用面积达300㎡带地暖+露台+地铁,107102981973,博文家园,https://sh.ke.com/xiaoqu/5011000001046/,高楼层(共6层)|2003年建|5室2厅|185.63平米|南北,1300,万,单价70032元/平米,95人关注/7月前发布,浦东,bp1000ep100000,l5
浦东星河湾二期主楼地位显赫一梯一户看房方便,107102972379,浦东星河湾,https://sh.ke.com/xiaoqu/5011000012349/,中楼层(共21层)|2013年建|5室5厅|634.29平米|南北,6600,万,单价104054元/平米,156人关注/7月前发布,浦东,bp1000ep100000,l5
高尔夫球场别墅，5套房设计，三代同堂,107102869427,汤臣高尔夫(别墅),https://sh.ke.com/xiaoqu/5011000016872/,低楼层(共3层)|2009年建|5室2厅|521.53平米|南,7500,万,单价143808元/平米,43人关注/8月前发布,浦东,bp1000ep100000,l5
大面宽27米，占地两亩，全户型朝南，南面临大河,107102860149,棕榈泉花园,https://sh.ke.com/xiaoqu/5011000018260/,低楼层(共3层)|2003年建|5室3厅|673.44平米|南,5300,万,单价78701元/平米,55人关注/8月前发布,浦东,bp1000ep100000,l5
维诗凯亚5室2厅南,107102768667,维诗凯亚,https://sh.ke.com/xiaoqu/5011000017119/,低楼层(共2层)|2004年建|5室2厅|441.58平米|南,4888,万,单价110694元/平米,7人关注/9月前发布,浦东,bp1000ep100000,l5
独栋别墅业主诚心出售看房方便,107102522387,欧泊圣堡苑,https://sh.ke.com/xiaoqu/5011000013643/,低楼层(共3层)|2006年建|5室2厅|295平米|南,1715,万,单价58136元/平米,88人关注/11月前发布,浦东,bp1000ep100000,l5
胡姬花园顶层复式+五房朝南客厅朝南南北通+2号线地铁,107102406131,胡姬花园,https://sh.ke.com/xiaoqu/5011000012882/,高楼层(共10层)|2001年建|5室2厅|201.76平米|南,1820,万,单价90207元/平米,140人关注/11月前发布,浦东,bp1000ep100000,l5
仁恒公园，未住过！高区！景观好！世纪公园！阳台大！,107102263493,陆家嘴中央公寓,https://sh.ke.com/xiaoqu/5011000016189/,高楼层(共18层)|2006年建|5室3厅|300平米|南,3600,万,单价120000元/平米,135人关注/1年前发布,浦东,bp1000ep100000,l5
汤臣高尔夫(别墅)5室2厅南,107102098525,汤臣高尔夫(别墅),https://sh.ke.com/xiaoqu/5011000016872/,低楼层(共3层)|2009年建|5室2厅|351.85平米|南,4200,万,单价119370元/平米,14人关注/1年前发布,浦东,bp1000ep100000,l5
华夏金桂苑联排别墅，自住装修，楼栋位置好,107101831262,华夏金桂苑(别墅),https://sh.ke.com/xiaoqu/5011000016025/,低楼层(共3层)|2000年建|5室2厅|199.98平米|南,1050,万,单价52506元/平米,125人关注/1年前发布,浦东,bp1000ep100000,l5
位置居中，独栋，南临河，挑空厅，花园大，全明户型,107101759488,广洋新景苑(别墅),https://sh.ke.com/xiaoqu/5011000003091/,低楼层(共3层)|2005年建|5室2厅|551.8平米|南,10000,万,单价181226元/平米,38人关注/1年前发布,浦东,bp1000ep100000,l5
临河大独栋千平大花园精装修差额税费少有钥匙,107000380637,棕榈泉花园,https://sh.ke.com/xiaoqu/5011000018260/,低楼层(共3层)|2004年建|5室3厅|721.19平米|南,4300,万,单价59624元/平米,93人关注/3年前发布,浦东,bp1000ep100000,l5
张江康桥+18号线独栋别墅房东诚心出售位置不错,107001640773,康桥半岛,https://sh.ke.com/xiaoqu/5011000000670/,低楼层(共3层)|2001年建|5室3厅|268.04平米|南,1800,万,单价67155元/平米,195人关注/3年前发布,浦东,bp1000ep100000,l5
清水房，从未入住过，邻水独栋别墅,107000460455,白金瀚宫,https://sh.ke.com/xiaoqu/5011000016952/,低楼层(共3层)|2008年建|5室2厅|435.79平米|南,3800,万,单价87198元/平米,50人关注/4年前发布,浦东,bp1000ep100000,l5
全屋地暖空调，4大套房+1大书房，17年红盘，保养如新,107103718226,大华伊斐墅,https://sh.ke.com/xiaoqu/5011000019856/,低楼层(共4层)5室2厅|302.34平米|南,3600,万,单价119072元/平米,7人关注/22天前发布,浦东,bp1000ep100000,l5
顶层复式，客厅挑空7米，景观一览无遗，坐观整个碧云,107103609930,世茂湖滨花园(公寓),https://sh.ke.com/xiaoqu/5011000010580/,高楼层(共40层)|2004年建|5室2厅|369.6平米|南,3980,万,单价107684元/平米,33人关注/1月前发布,浦东,bp1000ep100000,l5
有天有地有花园三层复式，带小院，带花园税费低成本低,107102235813,陆家嘴中央公寓,https://sh.ke.com/xiaoqu/5011000016189/,低楼层(共18层)|2006年建|5室3厅|364.24平米|南,2600,万,单价71382元/平米,148人关注/1年前发布,浦东,bp1000ep100000,l5
莫奈庄园诚心出售边套别墅带产权车位精装修带空调地暖,107103698772,莫奈庄园,https://sh.ke.com/xiaoqu/509821540319436/,低楼层(共3层)5室2厅|357.85平米|南,2050,万,单价57287元/平米,15人关注/26天前发布,浦东,bp1000ep100000,l5
南郊花园大独栋别墅，18号周浦万达站500米,107103703757,南郊花园(别墅),https://sh.ke.com/xiaoqu/5011000016255/,低楼层(共1层)|2005年建|5室3厅|202.98平米|南,1450,万,单价71436元/平米,12人关注/25天前发布,浦东,bp1000ep100000,l5
独栋五房户型+朝南大花园+满五年税费少,107103658390,维诗凯亚,https://sh.ke.com/xiaoqu/5011000017119/,低楼层(共2层)|2004年建|5室2厅|451.51平米|南,4800,万,单价106310元/平米,40人关注/1月前发布,浦东,bp1000ep100000,l5
华夏金桂苑联排别墅，中装修，楼栋位置好,107103793285,华夏金桂苑(别墅),https://sh.ke.com/xiaoqu/5011000016025/,低楼层(共3层)|2000年建|5室3厅|258平米|南北,1300,万,单价50388元/平米,6人关注/8天前发布,浦东,bp1000ep100000,l5
金爵别墅5室3厅南,107103761521,金爵别墅,https://sh.ke.com/xiaoqu/5011000017686/,低楼层(共3层)|2004年建|5室3厅|431.25平米|南,3199,万,单价74180元/平米,12人关注/14天前发布,浦东,bp1000ep100000,l5
小区央座+满五*+浅色系全新装修,107103304484,浦东星河湾,https://sh.ke.com/xiaoqu/5011000012349/,低楼层(共18层)|2010年建|5室2厅|684.18平米|南北,6880,万,单价100559元/平米,50人关注/4月前发布,浦东,bp1000ep100000,l5
御翠园5室2厅南,107103283258,御翠园,https://sh.ke.com/xiaoqu/5011000015914/,低楼层(共2层)|2006年建|5室2厅|604.83平米|南,13500,万,单价223204元/平米,17人关注/4月前发布,浦东,bp1000ep100000,l5
位置好，二面临水，原始毛坯，浦东没有可比性，看房约,107103072571,九间堂,https://sh.ke.com/xiaoqu/5011000016750/,低楼层(共2层)|2006年建|5室2厅|863.68平米|南,19300,万,单价223463元/平米,72人关注/6月前发布,浦东,bp1000ep100000,l5
15年次新双拼小区中间位置诚意出售看房提前预约,107102773883,宝华海尚郡领(别墅),https://sh.ke.com/xiaoqu/5011000019110/,低楼层(共1层)|2014年建|5室3厅|421.57平米|南,4960,万,单价117656元/平米,27人关注/9月前发布,浦东,bp1000ep100000,l5
商墅，陆家嘴劾心，独栋，距江景步行仅5米，有钥匙,107102648707,保利One56,https://sh.ke.com/xiaoqu/5011000003693/,低楼层(共1层)5室2厅|701平米|南,16000,万,单价228246元/平米,9人关注/10月前发布,浦东,bp1000ep100000,l5
杨思前滩+近地铁+视野开阔+带花园+方便看房,107102176464,尚东鼎,https://sh.ke.com/xiaoqu/5011000010245/,低楼层(共4层)|2011年建|5室3厅|313.42平米|南北,2680,万,单价85509元/平米,73人关注/1年前发布,浦东,bp1000ep100000,l5
业主诚意出售+租客保养好+南进门北花园,107102164396,东郊花园,https://sh.ke.com/xiaoqu/5011000005165/,低楼层(共2层)|2005年建|5室2厅|480.74平米|南,5200,万,单价108167元/平米,72人关注/1年前发布,浦东,bp1000ep100000,l5
实用五房，南进门，位置好，地上三层地下室通透明亮,107102128146,维诗凯亚,https://sh.ke.com/xiaoqu/5011000017119/,低楼层(共3层)|2006年建|5室2厅|490.97平米|南,4700,万,单价95729元/平米,86人关注/1年前发布,浦东,bp1000ep100000,l5
2号线广兰路站双拼别墅，付款方式好价格有惊喜。,107101181288,城市经典(一期)(别墅),https://sh.ke.com/xiaoqu/5011000012885/,低楼层(共13层)|2003年建|5室3厅|315平米|南,2300,万,单价73016元/平米,146人关注/2年前发布,浦东,bp1000ep100000,l5
新盘！700万二次装修，700平南花园，安静无噪音,107100570588,东郊花园,https://sh.ke.com/xiaoqu/5011000005165/,低楼层(共2层)|2005年建|5室2厅|530.07平米|北,6800,万,单价128285元/平米,72人关注/2年前发布,浦东,bp1000ep100000,l5
四期正南北向，敞亮位置，满五*，诚意售,107100486219,汤臣高尔夫(别墅),https://sh.ke.com/xiaoqu/5011000016872/,低楼层(共3层)|2006年建|5室2厅|378.68平米|北,4000,万,单价105631元/平米,88人关注/2年前发布,浦东,bp1000ep100000,l5
3亩地+2亩花园+居中南临河中式独栋+内环内+非富即贵,107000389459,九间堂,https://sh.ke.com/xiaoqu/5011000016750/,低楼层(共2层)|2006年建|5室3厅|789.19平米|北,15000,万,单价190069元/平米,2人关注/4年前发布,浦东,bp1000ep100000,l5
占地近2亩+居中独栋+有电梯带地暖+挑空厅+大花园,107000151723,御翠园,https://sh.ke.com/xiaoqu/5011000015914/,低楼层(共2层)|2005年建|5室2厅|604.83平米|东,10280,万,单价169966元/平米,97人关注/4年前发布,浦东,bp1000ep100000,l5
保利林语溪(别墅)5室3厅北,107000566029,保利林语溪(别墅),https://sh.ke.com/xiaoqu/5011000003852/,低楼层(共3层)|2011年建|5室3厅|283.99平米|北,2650,万,单价93314元/平米,80人关注/3年前发布,浦东,bp1000ep100000,l5
九间堂+内环中式园林独栋+与马云为邻+拥抱世纪公园,107000494507,九间堂,https://sh.ke.com/xiaoqu/5011000016750/,低楼层(共2层)|2006年建|5室3厅|789.19平米|东,16000,万,单价202740元/平米,258人关注/4年前发布,浦东,bp1000ep100000,l5
新出：总价低、位置很好、满五唯-一、可看可签,107103645960,罗山绿洲,https://sh.ke.com/xiaoqu/5011000018296/,低楼层(共2层)|2002年建|5室3厅|251.64平米|南,2380,万,单价94580元/平米,17人关注/1月前发布,浦东,bp1000ep100000,l5
锦华花园5室3厅南北,107103802046,锦华花园,https://sh.ke.com/xiaoqu/5011000013679/,高楼层(共14层)|2000年建|5室3厅|360平米|南北,2525,万,单价70139元/平米,6人关注/5天前发布,浦东,bp1000ep100000,l5
联排别墅，带地下室，满五年，精装修，诚意出售！,107103725025,丝庐雅苑(别墅),https://sh.ke.com/xiaoqu/5011000019137/,低楼层(共3层)|2012年建|5室3厅|349.72平米|南,1400,万,单价40033元/平米,1人关注/21天前发布,浦东,bp1000ep100000,l5
东方城市花园(一期)5室2厅南北,107103700178,东方城市花园(一期),https://sh.ke.com/xiaoqu/5011000015731/,中楼层(共16层)|2003年建|5室2厅|193.81平米|南北,2070,万,单价106806元/平米,8人关注/26天前发布,浦东,bp1000ep100000,l5
世界500强中海，西边套，大花园沿河边，带有车库,107103600160,中海御景熙岸(别墅),https://sh.ke.com/xiaoqu/5011000005317/,低楼层(共3层)|2011年建|5室2厅|276.94平米|南北,1950,万,单价70413元/平米,10人关注/1月前发布,浦东,bp1000ep100000,l5
陆家嘴豪。宅内环内精装5房层高3.33米视野无遮挡,107103569831,九龙仓滨江壹十八,https://sh.ke.com/xiaoqu/5011000019165/,中楼层(共17层)5室2厅|363.5平米|南北,6000,万,单价165062元/平米,7人关注/2月前发布,浦东,bp1000ep100000,l5
4年前买入，二次装修，诚意出售，税费各付。大花园,107103475834,东郊花园,https://sh.ke.com/xiaoqu/5011000005165/,低楼层(共2层)|2005年建|5室3厅|480.74平米|南,5000,万,单价104007元/平米,8人关注/3月前发布,浦东,bp1000ep100000,l5
胡姬花园+大复式+诚意出售+看房方便,107102931036,胡姬花园,https://sh.ke.com/xiaoqu/5011000012882/,高楼层(共12层)|2007年建|5室3厅|210.2平米|南,1800,万,单价85633元/平米,58人关注/7月前发布,浦东,bp1000ep100000,l5
花园独栋南北邻水位置佳户型正毛坯5房2厅,107100547288,白金瀚宫,https://sh.ke.com/xiaoqu/5011000016952/,低楼层(共3层)|2008年建|5室2厅|435.79平米|南,3500,万,单价80314元/平米,14人关注/2年前发布,浦东,bp1000ep100000,l5
临河景别墅业主诚心小区环境好,107103821306,欧泊圣堡苑,https://sh.ke.com/xiaoqu/5011000013643/,低楼层(共2层)|2006年建|5室2厅|238.43平米|南北,1490,万,单价62493元/平米,2人关注/今天发布,浦东,bp1000ep100000,l5
花样洋房复式房带花园带地下室99年商品房近地铁,107103791118,华佳花园,https://sh.ke.com/xiaoqu/5011000013379/,低楼层(共6层)|1999年建|5室3厅|193平米|南北,1490,万,单价77203元/平米,2人关注/8天前发布,浦东,bp1000ep100000,l5
满五，配套齐全，精装中-央空调地暖，名下唯-一,107103642815,长泰东郊御园(别墅),https://sh.ke.com/xiaoqu/5011000012834/,低楼层(共3层)|2011年建|5室0厅|188.76平米|南北,1100,万,单价58276元/平米,9人关注/1月前发布,浦东,bp1000ep100000,l5
金领别墅品质保证总高三层采光良好带车位,107103399685,金领国际(别墅),https://sh.ke.com/xiaoqu/5011000000123/,低楼层(共3层)|2009年建|5室2厅|274.36平米|东南南,1690,万,单价61598元/平米,58人关注/3月前发布,浦东,bp1000ep100000,l5
城市经典二期(公寓)5室2厅南,107103576194,城市经典二期(公寓),https://sh.ke.com/xiaoqu/5011000004274/,高楼层(共12层)|2005年建|5室2厅|200.39平米|南,1640,万,单价81841元/平米,14人关注/1月前发布,浦东,bp1000ep100000,l5
顶楼复式精装修40平大露台距离地铁站900米,107103650064,日月华庭,https://sh.ke.com/xiaoqu/5011000003998/,高楼层(共5层)|2003年建|5室3厅|215.13平米|南,750,万,单价34863元/平米,61人关注/1月前发布,闵行,bp700ep800,l5
精装一楼复地下室，满五*，税费少，大花园,107103481526,上海康城,https://sh.ke.com/xiaoqu/5011102207057/,低楼层(共14层)|2006年建|5室2厅|284.8平米|南,780,万,单价27388元/平米,84人关注/2月前发布,闵行,bp700ep800,l5
满五位置正对小区绿地，带40平露台，采光视野宽阔,107103804890,丽华公寓(公寓),https://sh.ke.com/xiaoqu/5011000014119/,高楼层(共7层)|2000年建|5室2厅|133.29平米|南,770,万,单价57769元/平米,5人关注/5天前发布,闵行,bp700ep800,l5
三期一楼带地下室南北通诚意出售,107103677809,上海康城,https://sh.ke.com/xiaoqu/5011102207057/,低楼层(共14层)|2006年建|5室3厅|240.88平米|南北,800,万,单价33212元/平米,10人关注/1月前发布,闵行,bp700ep800,l5
全屋地暖+洗衣房+大露台+带保姆间,107103672573,正峰苑,https://sh.ke.com/xiaoqu/5011000009473/,高楼层(共6层)|2004年建|5室3厅|151.41平米|南,938,万,单价61951元/平米,6人关注/1月前发布,闵行,bp800ep1000,l5
此房房龄新顶楼复式户型正气位置佳,107103597201,金都花好悦园,https://sh.ke.com/xiaoqu/5011000012757/,高楼层(共6层)|1999年建|5室3厅|191.38平米|南,980,万,单价51208元/平米,27人关注/1月前发布,闵行,bp800ep1000,l5
虹桥1号三房复式，视野好，带露台，精装修自住,107103678494,虹桥1号,https://sh.ke.com/xiaoqu/5011000011924/,高楼层(共12层)|2012年建|5室2厅|183平米|南北,980,万,单价53552元/平米,29人关注/1月前发布,闵行,bp800ep1000,l5
商品房小区大五房，附阁楼露台，满五*，诚意出售,107102558136,西郊河畔家园,https://sh.ke.com/xiaoqu/5011000013695/,高楼层(共6层)|2006年建|5室3厅|193.6平米|南,880,万,单价45455元/平米,94人关注/10月前发布,闵行,bp800ep1000,l5
三期一楼带地下室南北通诚意出售,107103677809,上海康城,https://sh.ke.com/xiaoqu/5011102207057/,低楼层(共14层)|2006年建|5室3厅|240.88平米|南北,800,万,单价33212元/平米,10人关注/1月前发布,闵行,bp800ep1000,l5
前滩南别墅边套地上三层大露台精装5房4卫,107103594217,新浦江城(江桦路399弄),https://sh.ke.com/xiaoqu/5011000000724/,低楼层(共1层)|2006年建|5室2厅|253.55平米|南,1500,万,单价59160元/平米,139人关注/1月前发布,闵行,bp1000ep100000,l5
剑桥独栋别墅，预约看房，诚意出售。,107103593773,剑桥景苑,https://sh.ke.com/xiaoqu/5011000017713/,低楼层(共3层)|2003年建|5室2厅|313.15平米|南,2000,万,单价63868元/平米,51人关注/1月前发布,闵行,bp1000ep100000,l5
热盘！邻水三面大花园6个大卧室无个税挑空户型,107103698828,湖山在望花园,https://sh.ke.com/xiaoqu/5011000016935/,低楼层(共3层)|2007年建|5室3厅|268.1平米|南,1888,万,单价70422元/平米,23人关注/26天前发布,闵行,bp1000ep100000,l5
*大复式，南北通风，采光无遮挡，带大露台，业主诚心,107103375563,虹景苑,https://sh.ke.com/xiaoqu/5011000017336/,高楼层(共6层)|2001年建|5室3厅|234.84平米|南,1050,万,单价44712元/平米,36人关注/4月前发布,闵行,bp1000ep100000,l5
无个税，联排别墅，诚心出售，欢迎咨询,107103664261,新浦江城(江桦路399弄),https://sh.ke.com/xiaoqu/5011000000724/,低楼层(共1层)|2006年建|5室2厅|205.09平米|东南,1400,万,单价68263元/平米,41人关注/1月前发布,闵行,bp1000ep100000,l5
联排别墅+小区管理好+满五唯一+带车库+诚心出售,107103570727,新浦江城(浦驰路1809弄),https://sh.ke.com/xiaoqu/5011000012118/,低楼层(共1层)|2010年建|5室2厅|360.63平米|南,2250,万,单价62391元/平米,30人关注/2月前发布,闵行,bp1000ep100000,l5
精装南北花园次新房必看好房诚售,107103491414,当代万国府MOMA,https://sh.ke.com/xiaoqu/5011063202272/,低楼层(共4层)|2015年建|5室2厅|190.84平米|南,1235,万,单价64714元/平米,43人关注/2月前发布,闵行,bp1000ep100000,l5
上海阳城5室2厅南,107103460134,上海阳城,https://sh.ke.com/xiaoqu/5011000014286/,高楼层(共6层)|2002年建|5室2厅|118.28平米|南,1200,万,单价101455元/平米,46人关注/3月前发布,闵行,bp1000ep100000,l5
华侨城5期精装下叠1楼+2楼+地下室，有大花园，位置好,107103724577,新浦江城(浦申路1288弄),https://sh.ke.com/xiaoqu/5011000001873/,低楼层(共4层)|2012年建|5室2厅|303.28平米|南,2100,万,单价69243元/平米,31人关注/21天前发布,闵行,bp1000ep100000,l5
景观大复式，正对湖景，带产权车位，5房3卫，南北通,107103588987,新时代富嘉花园,https://sh.ke.com/xiaoqu/5011000012919/,高楼层(共17层)|2006年建|5室2厅|213.97平米|南,2200,万,单价102819元/平米,64人关注/1月前发布,闵行,bp1000ep100000,l5
jin地铁，环境优美，户型好，大花园，甄稀联排,107103632272,宝华源墅,https://sh.ke.com/xiaoqu/5011000019784/,低楼层(共1层)5室4厅|524.94平米|南北,3200,万,单价60960元/平米,33人关注/1月前发布,闵行,bp1000ep100000,l5
龙柏香榭苑复式，地上两层百万精装税费少诚意出售,107103468792,龙柏香榭苑,https://sh.ke.com/xiaoqu/5011000013926/,低楼层(共11层)|2002年建|5室3厅|146.29平米|南,1370,万,单价93650元/平米,35人关注/3月前发布,闵行,bp1000ep100000,l5
空中别墅！挑高大厅！有产权车位！业主诚意出售！,107103669519,锦绣江南(一期),https://sh.ke.com/xiaoqu/5011000010848/,高楼层(共11层)|2002年建|5室2厅|232.07平米|南,2060,万,单价88767元/平米,22人关注/1月前发布,闵行,bp1000ep100000,l5
高楼层，景观佳，4+1户型，全套房,107103532509,上海星河湾,https://sh.ke.com/xiaoqu/5011000011257/,高楼层(共28层)|2011年建|5室3厅|320.34平米|南,2150,万,单价67117元/平米,18人关注/2月前发布,闵行,bp1000ep100000,l5
电梯高层复式带地暖，适合一家三代居住，房东诚意出售,107103398305,莘城公寓,https://sh.ke.com/xiaoqu/5011000014621/,高楼层(共11层)|2001年建|5室3厅|257.96平米|南,1390,万,单价53885元/平米,49人关注/3月前发布,闵行,bp1000ep100000,l5
莘庄南广场欧式建筑电梯顶楼复式带产权车位,107103800853,中祥哥德堡,https://sh.ke.com/xiaoqu/5011000013905/,高楼层(共18层)|2004年建|5室2厅|165.57平米|南,1345,万,单价81235元/平米,13人关注/6天前发布,闵行,bp1000ep100000,l5
东边套双拼别墅，靠地铁12线，邻水，花园100平方米,107103700544,东苑半岛花园(别墅),https://sh.ke.com/xiaoqu/5011000003295/,低楼层(共3层)|2002年建|5室2厅|240.02平米|南,3600,万,单价149988元/平米,4人关注/26天前发布,闵行,bp1000ep100000,l5
中间临河位置，北进门南花园南邻水，屋况保养好,107103682351,西郊庄园,https://sh.ke.com/xiaoqu/5011000017531/,低楼层(共3层)|2003年建|5室3厅|599.59平米|南,7000,万,单价116747元/平米,20人关注/29天前发布,闵行,bp1000ep100000,l5
难得保养特好高楼层南观泳池靓景不错层设计,107103657847,上海星河湾,https://sh.ke.com/xiaoqu/5011000011257/,高楼层(共26层)|2011年建|5室2厅|285.41平米|南,2200,万,单价77083元/平米,11人关注/1月前发布,闵行,bp1000ep100000,l5
中星红庐5室3厅南,107103609001,中星红庐,https://sh.ke.com/xiaoqu/5011000014641/,低楼层(共2层)5室3厅|524平米|南,4500,万,单价85878元/平米,4人关注/1月前发布,闵行,bp1000ep100000,l5
前滩南3亩1栋近世博园区限高10米低密度墅区,107103307907,华侨城十号院,https://sh.ke.com/xiaoqu/5011000000602/,低楼层(共1层)|2014年建|5室2厅|858.2平米|南,6800,万,单价79236元/平米,112人关注/4月前发布,闵行,bp1000ep100000,l5
稀！顶楼复式面积500+*在售保养佳可观泳池,107103209257,上海星河湾,https://sh.ke.com/xiaoqu/5011000011257/,高楼层(共26层)|2011年建|5室2厅|285.25平米|南,3500,万,单价122700元/平米,65人关注/5月前发布,闵行,bp1000ep100000,l5
别墅大平层+南方商城+1号线莲花路+楼下固定*停车,107103183346,上海花园(公寓),https://sh.ke.com/xiaoqu/5011000016310/,低楼层(共3层)|1992年建|5室2厅|148.3平米|东西,1380,万,单价93055元/平米,34人关注/5月前发布,闵行,bp1000ep100000,l5
。独有5700平方米下沉式中庭水景花园为虹桥别墅区,107103171155,奥玎宫廷别墅,https://sh.ke.com/xiaoqu/5011000017431/,低楼层(共3层)5室2厅|335.26平米|南,2222,万,单价66277元/平米,120人关注/5月前发布,闵行,bp1000ep100000,l5
坤庭边套联排，自住装修，私家车位，带花园,107103104595,浦江坤庭—翠御,https://sh.ke.com/xiaoqu/5011000002096/,低楼层(共3层)|2013年建|5室3厅|452.1平米|南北,2300,万,单价50874元/平米,106人关注/6月前发布,闵行,bp1000ep100000,l5
莲蒲新苑复式带露台位置好满五*近地铁,107103084803,莲浦新苑,https://sh.ke.com/xiaoqu/5011000000426/,高楼层(共6层)|2001年建|5室3厅|199.74平米|东,1250,万,单价62582元/平米,30人关注/6月前发布,闵行,bp1000ep100000,l5
状元街大面积户型房源，南北通，阳光大花园接地气,107102994819,东方花园二期,https://sh.ke.com/xiaoqu/5011102207390/,低楼层(共16层)|2005年建|5室2厅|232.34平米|南,1150,万,单价49497元/平米,181人关注/7月前发布,闵行,bp1000ep100000,l5
使用面积240平，买进价格高税费低，安静位置品质高,107102599845,西班牙名园,https://sh.ke.com/xiaoqu/5011000017710/,高楼层(共14层)|2003年建|5室3厅|134.82平米|南,1650,万,单价122386元/平米,105人关注/10月前发布,闵行,bp1000ep100000,l5
玫瑰园必看！比弗利山庄外形构造，千平花园精致典雅,107102407082,绿城玫瑰园,https://sh.ke.com/xiaoqu/5011000017805/,低楼层(共2层)|2014年建|5室2厅|844.41平米|南,5800,万,单价68688元/平米,51人关注/11月前发布,闵行,bp1000ep100000,l5
银都名墅独栋别墅，私家花园带泳池。双车库，双车位。,107100356169,银都名墅,https://sh.ke.com/xiaoqu/5011000015153/,低楼层(共3层)|2005年建|5室3厅|626.07平米|南,3900,万,单价62294元/平米,63人关注/2年前发布,闵行,bp1000ep100000,l5
【链家主推，急售精装房！】1150平南花园，挑空客厅,107000262783,中房森林别墅,https://sh.ke.com/xiaoqu/5011000014078/,低楼层(共2层)|2006年建|5室3厅|482.4平米|南,2450,万,单价50788元/平米,63人关注/4年前发布,闵行,bp1000ep100000,l5
锦绣江南耕读园精装修带阁楼环境舒适沿河位置,107103644963,锦绣江南(四期),https://sh.ke.com/xiaoqu/5011000010846/,高楼层(共12层)|2005年建|5室3厅|136.56平米|南,1850,万,单价135472元/平米,7人关注/1月前发布,闵行,bp1000ep100000,l5
银都名墅300㎡花园的别墅，临水，税费少。,107103513746,银都名墅,https://sh.ke.com/xiaoqu/5011000015153/,低楼层(共3层)|2009年建|5室3厅|415.13平米|南,2710,万,单价65281元/平米,2人关注/2月前发布,闵行,bp1000ep100000,l5
临天然大河位置好花园集中，拎包入住。,107103503943,御涛园,https://sh.ke.com/xiaoqu/5011000012824/,低楼层(共2层)|2010年建|5室3厅|440平米|南,2300,万,单价52273元/平米,8人关注/2月前发布,闵行,bp1000ep100000,l5
两梯一户，全明户型，户型方正，满五年,107103475837,明申花园(公寓),https://sh.ke.com/xiaoqu/5011000018057/,中楼层(共21层)|2004年建|5室2厅|318.94平米|南,2345,万,单价73525元/平米,3人关注/3月前发布,闵行,bp1000ep100000,l5
双拼别墅，位置好，小区地段也不错，房东自己住,107102788315,风荷云墅(别墅),https://sh.ke.com/xiaoqu/5011000003114/,低楼层(共3层)|2002年建|5室2厅|310.91平米|南,2680,万,单价86199元/平米,40人关注/9月前发布,闵行,bp1000ep100000,l5
原开发商样板房，大花园1200平，业主自住至今,107102039785,绿城玫瑰园,https://sh.ke.com/xiaoqu/5011000017805/,低楼层(共2层)|2007年建|5室10厅|798.37平米|南,5600,万,单价70143元/平米,81人关注/1年前发布,闵行,bp1000ep100000,l5
小区仅一套，独门独户，有70平花园，19年新装修。,107103777135,风度国际,https://sh.ke.com/xiaoqu/5011000017233/,低楼层(共11层)|2005年建|5室2厅|205.61平米|南,2158,万,单价104956元/平米,20人关注/11天前发布,闵行,bp1000ep100000,l5
此房南北格局，楼层好，低楼层，阳光充足,107103737097,万科城市花园,https://sh.ke.com/xiaoqu/5011000018313/,低楼层(共7层)|1995年建|5室2厅|153.69平米|南,1300,万,单价84586元/平米,9人关注/18天前发布,闵行,bp1000ep100000,l5
高端住宅，满两年，两个产权车位，精装修，保养好,107103425554,万源城御璄,https://sh.ke.com/xiaoqu/5011000005399/,低楼层(共22层)|2015年建|5室2厅|297平米|南,3080,万,单价103704元/平米,32人关注/3月前发布,闵行,bp1000ep100000,l5
满两年+小区央座+精装修+双轨交通+屋况保养很好,107102706469,富力虹桥十号,https://sh.ke.com/xiaoqu/5011102207748/,低楼层(共11层)|2014年建|5室2厅|183.98平米|东南,1780,万,单价96750元/平米,33人关注/9月前发布,闵行,bp1000ep100000,l5
此房满5年，景观楼层看小区绿化，视野开阔！,107103627925,名都古北,https://sh.ke.com/xiaoqu/5011000017617/,中楼层(共20层)|2006年建|5室2厅|228.08平米|南北,2580,万,单价113119元/平米,6人关注/1月前发布,闵行,bp1000ep100000,l5
8号线+5房设计+满五W1+自住精装+诚意出售,107103714678,新浦江城(江栀路500弄),https://sh.ke.com/xiaoqu/5011000018474/,高楼层(共11层)|2009年建|5室2厅|154.24平米|南北,1450,万,单价94010元/平米,13人关注/23天前发布,闵行,bp1000ep100000,l5
位置好+装修方便+户型正+有车位+诚售,107103659234,新浦江城(浦申路1288弄),https://sh.ke.com/xiaoqu/5011000001873/,低楼层(共6层)|2012年建|5室2厅|309.92平米|南,1999,万,单价64501元/平米,23人关注/1月前发布,闵行,bp1000ep100000,l5
185大户型，满5年，南花园50平，南露台37平，无违建,107103705217,合生城邦三街坊,https://sh.ke.com/xiaoqu/5017589525032582/,低楼层(共1层)|2006年建|5室2厅|184.88平米|南北,1199,万,单价64853元/平米,17人关注/25天前发布,闵行,bp1000ep100000,l5
2021年精装别墅。70平地下家庭影院，装修是新装修！,107103594853,合生城邦四街坊,https://sh.ke.com/xiaoqu/5017589463167885/,低楼层(共1层)|2012年建|5室2厅|249.21平米|南北,1200,万,单价48153元/平米,15人关注/1月前发布,闵行,bp1000ep100000,l5
绿水家园5室4厅南,107103671350,绿水家园,https://sh.ke.com/xiaoqu/5011000017577/,高楼层(共11层)|2005年建|5室4厅|270.39平米|南,2250,万,单价83214元/平米,3人关注/1月前发布,闵行,bp1000ep100000,l5
精装顶楼复式，6米宽横厅，满五*正对小区花园,107103406779,丰水宝邸(东苑),https://sh.ke.com/xiaoqu/5011000014372/,高楼层(共6层)|2005年建|5室2厅|91.59平米|南,428,万,单价46730元/平米,80人关注/3月前发布,宝山,bp400ep500,l5
顶楼复式，满5*，平层的价格，别墅的享受,107103334871,丰水宝邸(东苑),https://sh.ke.com/xiaoqu/5011000014372/,高楼层(共6层)|2005年建|5室2厅|91.59平米|南北,425,万,单价46403元/平米,41人关注/4月前发布,宝山,bp400ep500,l5
急售少见一复二的南北通户型，精装修五房,107103266776,保集欧郡,https://sh.ke.com/xiaoqu/5011000009616/,低楼层(共6层)|2007年建|5室4厅|177.27平米|南,515,万,单价29052元/平米,24人关注/5月前发布,宝山,bp500ep600,l5
大面积复式，多居室双叠客厅，全明格局方便个性设计,107103347827,富锦苑,https://sh.ke.com/xiaoqu/5011000010836/,高楼层(共6层)|1999年建|5室4厅|252.39平米|南北,540,万,单价21396元/平米,24人关注/4月前发布,宝山,bp500ep600,l5
满五产权，南北通透，楼上带60平阁楼，使用面积大,107103416444,新梅绿岛苑,https://sh.ke.com/xiaoqu/5011000013149/,高楼层(共6层)|2007年建|5室3厅|100.86平米|南北,660,万,单价65438元/平米,54人关注/3月前发布,宝山,bp600ep700,l5
大下叠，精装拎包入住，看房方便,107103295100,美兰湖颐景园,https://sh.ke.com/xiaoqu/5011000013862/,低楼层(共4层)|2007年建|5室2厅|249.84平米|南,675,万,单价27018元/平米,138人关注/4月前发布,宝山,bp600ep700,l5
小区较少上叠别墅，得房率高，业主诚意出售,107101849113,美兰湖颐景园,https://sh.ke.com/xiaoqu/5011000013862/,中楼层(共4层)|2007年建|5室2厅|176.04平米|南,700,万,单价39764元/平米,121人关注/1年前发布,宝山,bp600ep700,l5
户型方正，面积宽敞，采光通风好，得房率高,107103141451,宝启花园(公寓),https://sh.ke.com/xiaoqu/5011000013742/,高楼层(共6层)|1999年建|5室2厅|200.94平米|南北,770,万,单价38320元/平米,7人关注/6月前发布,宝山,bp700ep800,l5
宝山区+共富+富都园+精装修+6楼错7楼复8楼带阁楼露台,107103536762,富都园,https://sh.ke.com/xiaoqu/5011000013342/,高楼层(共6层)|2004年建|5室3厅|200.85平米|南,790,万,单价39333元/平米,22人关注/2月前发布,宝山,bp700ep800,l5
精装修拎包入住，叠加视野宽阔，前后双花园满五哦,107103255586,美兰湖颐景园,https://sh.ke.com/xiaoqu/5011000013862/,低楼层(共4层)|2007年建|5室3厅|280.77平米|南,780,万,单价27781元/平米,198人关注/5月前发布,宝山,bp700ep800,l5
颐景园上叠，精装带阁楼，诚心出售,107102198263,美兰湖颐景园,https://sh.ke.com/xiaoqu/5011000013862/,中楼层(共4层)|2007年建|5室2厅|212.56平米|南,780,万,单价36696元/平米,31人关注/1年前发布,宝山,bp700ep800,l5
小区较少上叠别墅，得房率高，业主诚意出售,107101849113,美兰湖颐景园,https://sh.ke.com/xiaoqu/5011000013862/,中楼层(共4层)|2007年建|5室2厅|176.04平米|南,700,万,单价39764元/平米,121人关注/1年前发布,宝山,bp700ep800,l5
学林苑5室2厅南,107103709293,学林苑,https://sh.ke.com/xiaoqu/5011000015545/,高楼层(共6层)|2004年建|5室2厅|177.76平米|南,800,万,单价45005元/平米,31人关注/24天前发布,宝山,bp700ep800,l5
顶楼复式，三开间朝南，一梯两户，得房率高,107103666501,宝启花园(公寓),https://sh.ke.com/xiaoqu/5011000013742/,高楼层(共4层)|1999年建|5室3厅|224.27平米|南,720,万,单价32105元/平米,12人关注/1月前发布,宝山,bp700ep800,l5
2016年次新小区+人车分流+顶楼复式+房东诚意出售,107102394662,中铁青秀城西区,https://sh.ke.com/xiaoqu/5020045767133453/,高楼层(共8层)|2016年建|5室2厅|161.98平米|南,750,万,单价46303元/平米,83人关注/11月前发布,宝山,bp700ep800,l5
南华苑顶复采光好满五唯一四房朝南,107103710748,南华苑,https://sh.ke.com/xiaoqu/5011000018010/,高楼层(共6层)|1998年建|5室3厅|167.59平米|南,838,万,单价50003元/平米,15人关注/24天前发布,宝山,bp800ep1000,l5
全明户型，采光通透，精装修，大露台,107103585701,共江花苑,https://sh.ke.com/xiaoqu/5011000009621/,高楼层(共6层)|1999年建|5室2厅|166.66平米|南,880,万,单价52803元/平米,11人关注/1月前发布,宝山,bp800ep1000,l5
近长江南路地铁站，生活配套成熟，复式结构得房率高,107103406784,鹏程花苑,https://sh.ke.com/xiaoqu/5011102210177/,高楼层(共6层)|2004年建|5室3厅|199.2平米|南,850,万,单价42671元/平米,49人关注/3月前发布,宝山,bp800ep1000,l5
空中别墅，俯瞰小区花园，精装修，带产权车位,107103800053,上大阳光乾静园,https://sh.ke.com/xiaoqu/5011000014107/,高楼层(共6层)|2005年建|5室3厅|239.27平米|南,999,万,单价41752元/平米,15人关注/6天前发布,宝山,bp800ep1000,l5
满五年税费少，双地铁，采光充足，无违建,107103743602,锦秋花园,https://sh.ke.com/xiaoqu/5011000015496/,低楼层(共3层)|1999年建|5室2厅|168.23平米|南北,1000,万,单价59443元/平米,16人关注/17天前发布,宝山,bp800ep1000,l5
楼层好视野采光好，有附加面积，得房率高，诚意出售,107103715384,保利叶上海(二期),https://sh.ke.com/xiaoqu/5017954034452644/,中楼层(共32层)|2012年建|5室2厅|147.36平米|南,980,万,单价66504元/平米,12人关注/23天前发布,宝山,bp800ep1000,l5
顶楼复式得房率高诚意出售品质小区,107103267042,东方帕堤欧,https://sh.ke.com/xiaoqu/5011000013805/,高楼层(共14层)|2010年建|5室3厅|175.12平米|南,880,万,单价50252元/平米,35人关注/5月前发布,宝山,bp800ep1000,l5
180平大花园~足球场在我家~上下利用面积一样。,107102793658,远洋香奈,https://sh.ke.com/xiaoqu/5011000010212/,低楼层(共18层)|2014年建|5室2厅|126.14平米|南北,809,万,单价64136元/平米,151人关注/9月前发布,宝山,bp800ep1000,l5
品质小区精装修带地暖宝山之星,107102259702,大宁北玉兰公馆,https://sh.ke.com/xiaoqu/5011062711406/,低楼层(共15层)|2015年建|5室2厅|220.96平米|南,915,万,单价41411元/平米,104人关注/1年前发布,宝山,bp800ep1000,l5
一楼带花园，上下两层品质小区正气复式房,107102258115,保利叶上海(二期),https://sh.ke.com/xiaoqu/5017954034452644/,低楼层(共26层)|2012年建|5室2厅|173.16平米|南北,839,万,单价48453元/平米,221人关注/1年前发布,宝山,bp800ep1000,l5
顶楼复式，板式户型，采光通风佳，精装，拎包入住,107000835955,昌鑫家园,https://sh.ke.com/xiaoqu/5011000009017/,高楼层(共6层)|2000年建|5室2厅|176.72平米|南,890,万,单价50363元/平米,128人关注/4年前发布,宝山,bp800ep1000,l5
05年高品质飞机户型，满五不唯1，自如出租中,107103655217,水韵华庭,https://sh.ke.com/xiaoqu/5011000017539/,低楼层(共14层)|2005年建|5室1厅|196.28平米|南,950,万,单价48401元/平米,23人关注/1月前发布,宝山,bp800ep1000,l5
学林苑5室2厅南,107103709293,学林苑,https://sh.ke.com/xiaoqu/5011000015545/,高楼层(共6层)|2004年建|5室2厅|177.76平米|南,800,万,单价45005元/平米,31人关注/24天前发布,宝山,bp800ep1000,l5
一梯两户，五复六，带露台房率高，近地铁，买进价格高,107103519649,鹏程花苑,https://sh.ke.com/xiaoqu/5011102210177/,高楼层(共5层)|2004年建|5室3厅|231.37平米|南北,1000,万,单价43221元/平米,9人关注/2月前发布,宝山,bp800ep1000,l5
玉兰公馆+开发商精装修+人车分流+一楼带院子和车位,107102677732,大宁北玉兰公馆,https://sh.ke.com/xiaoqu/5011062711406/,低楼层(共15层)|2016年建|5室2厅|208.1平米|南,940,万,单价45171元/平米,14人关注/9月前发布,宝山,bp800ep1000,l5
海德花园别墅，位置好，业主诚心出售,107103609908,海德花园,https://sh.ke.com/xiaoqu/5011000013408/,低楼层(共2层)|2006年建|5室3厅|235.32平米|南北,1200,万,单价50995元/平米,9人关注/1月前发布,宝山,bp1000ep100000,l5
恒盛豪庭精装修现代简约注重实用实行人行车辆分流,107103574712,恒盛豪庭,https://sh.ke.com/xiaoqu/5011000000849/,低楼层(共29层)|2014年建|5室2厅|185.01平米|南,1050,万,单价56754元/平米,23人关注/2月前发布,宝山,bp1000ep100000,l5
石库门类独栋别墅，大花园三面无遮挡、门口有两个车位,107103434669,绿地公元1860,https://sh.ke.com/xiaoqu/5011000011363/,低楼层(共3层)|2014年建|5室3厅|406.58平米|南,1730,万,单价42551元/平米,37人关注/3月前发布,宝山,bp1000ep100000,l5
房子是6楼复7楼的，南北通，采光好,107103783950,康泰东苑,https://sh.ke.com/xiaoqu/5011000018282/,高楼层(共6层)|2002年建|5室3厅|189.65平米|南北,1190,万,单价62748元/平米,12人关注/10天前发布,宝山,bp1000ep100000,l5
满五年税费少，双地铁，采光充足，无违建,107103743602,锦秋花园,https://sh.ke.com/xiaoqu/5011000015496/,低楼层(共3层)|1999年建|5室2厅|168.23平米|南北,1000,万,单价59443元/平米,16人关注/17天前发布,宝山,bp1000ep100000,l5
中梁英伦印象(别墅)5室2厅南北,107103712120,中梁英伦印象(别墅),https://sh.ke.com/xiaoqu/5011000011202/,低楼层(共3层)|2012年建|5室2厅|231.9平米|南北,1800,万,单价77620元/平米,4人关注/23天前发布,宝山,bp1000ep100000,l5
三花现代城(一期丹桂苑)5室2厅南,107103699333,三花现代城(一期丹桂苑),https://sh.ke.com/xiaoqu/5011000013759/,高楼层(共18层)|2011年建|5室2厅|186.54平米|南,1320,万,单价70763元/平米,19人关注/26天前发布,宝山,bp1000ep100000,l5
老上海石库门风格别墅、满五、精装修、位置好,107103662039,绿地公元1860,https://sh.ke.com/xiaoqu/5011000011363/,低楼层(共3层)|2012年建|5室2厅|333.47平米|南北,1450,万,单价43483元/平米,17人关注/1月前发布,宝山,bp1000ep100000,l5
底层复式，带花园地下室，南北通精装看房预约,107103571750,铂珏公馆,https://sh.ke.com/xiaoqu/5011000000683/,低楼层(共8层)|2013年建|5室2厅|384.51平米|南北,1300,万,单价33810元/平米,4人关注/2月前发布,宝山,bp1000ep100000,l5
保利叶语D户型别墅，精装修自住。,107103518269,保利叶语(别墅),https://sh.ke.com/xiaoqu/5011102210263/,低楼层(共1层)|2013年建|5室2厅|241平米|南,1650,万,单价68465元/平米,13人关注/2月前发布,宝山,bp1000ep100000,l5
边套大别墅，大花园，位置好，自带2个车位，诚意出售,107103513039,泊仕郡,https://sh.ke.com/xiaoqu/5011000013647/,低楼层(共3层)|2010年建|5室3厅|365.58平米|南西,1680,万,单价45955元/平米,15人关注/2月前发布,宝山,bp1000ep100000,l5
M7地铁口丨精装边套下叠丨花园面积150多平丨随时看房,107103438071,正荣国领(别墅),https://sh.ke.com/xiaoqu/5011000018541/,低楼层(共1层)5室3厅|277.96平米|南,1250,万,单价44971元/平米,33人关注/3月前发布,宝山,bp1000ep100000,l5
满五，中环内，地铁口，*高挑空厅，V1一套下叠别墅,107103369280,复星新苑,https://sh.ke.com/xiaoqu/5011000018017/,低楼层(共6层)|2000年建|5室2厅|268.62平米|南,1500,万,单价55841元/平米,24人关注/4月前发布,宝山,bp1000ep100000,l5
此房精装修，小区品质高，配套齐全,107103186526,铂珏公馆,https://sh.ke.com/xiaoqu/5011000000683/,低楼层(共9层)|2013年建|5室2厅|367.49平米|南北,1300,万,单价35376元/平米,26人关注/5月前发布,宝山,bp1000ep100000,l5
双轨交，少见大平层，五居三卫，户型正气，位置安静,107103037516,万业紫辰苑,https://sh.ke.com/xiaoqu/5011000014814/,低楼层(共26层)|2010年建|5室2厅|233.2平米|南北,1030,万,单价44169元/平米,54人关注/7月前发布,宝山,bp1000ep100000,l5
此房满五*、景观房、全明户型、诚心出售,107101512107,保利叶语(二期)(公寓),https://sh.ke.com/xiaoqu/5018063936227872/,中楼层(共19层)|2013年建|5室2厅|220.96平米|南北,1380,万,单价62455元/平米,41人关注/1年前发布,宝山,bp1000ep100000,l5
顾村公园旁地铁7号线顾村公园站联排别墅随时看房,107101450796,保利叶语(别墅),https://sh.ke.com/xiaoqu/5011102210263/,低楼层(共1层)|2013年建|5室3厅|241.1平米|南,1645,万,单价68229元/平米,47人关注/1年前发布,宝山,bp1000ep100000,l5
招商联排别墅，前后双院子，精装修，近地铁,107103172826,招商海德名门(别墅),https://sh.ke.com/xiaoqu/5011000003609/,低楼层(共3层)5室2厅|237.97平米|南北,1450,万,单价60933元/平米,14人关注/5月前发布,宝山,bp1000ep100000,l5
B户型大花园，安静位置，300万装修，拎包入住，近公园,107102256256,保利叶语(别墅),https://sh.ke.com/xiaoqu/5011102210263/,低楼层(共1层)|2013年建|5室2厅|236.96平米|南西北,1850,万,单价78073元/平米,31人关注/1年前发布,宝山,bp1000ep100000,l5
精装修英式别墅，给渴望温馨的你一个居住的理由,107101758159,保利叶语(别墅),https://sh.ke.com/xiaoqu/5011102210263/,低楼层(共1层)|2013年建|5室2厅|241.1平米|西南,1700,万,单价70511元/平米,52人关注/1年前发布,宝山,bp1000ep100000,l5
飘鹰中间排别墅，精装拎包入住，诚意出售,107101676889,飘鹰锦和花园(别墅),https://sh.ke.com/xiaoqu/5011000018768/,低楼层(共1层)|2012年建|5室3厅|306.21平米|南,1350,万,单价44088元/平米,30人关注/1年前发布,宝山,bp1000ep100000,l5
品质小区联排别墅满五年精装修业主诚心出售,107103699467,世华佳苑,https://sh.ke.com/xiaoqu/5011000017790/,低楼层(共1层)|2005年建|5室2厅|177.94平米|南北,1150,万,单价64629元/平米,3人关注/26天前发布,宝山,bp1000ep100000,l5
一梯两户，五复六，带露台房率高，近地铁，买进价格高,107103519649,鹏程花苑,https://sh.ke.com/xiaoqu/5011102210177/,高楼层(共5层)|2004年建|5室3厅|231.37平米|南北,1000,万,单价43221元/平米,9人关注/2月前发布,宝山,bp1000ep100000,l5
单价低+使用面积大边套全明随心装修有三天井,107103741056,铂金华府,https://sh.ke.com/xiaoqu/5011000014609/,低楼层(共14层)|2009年建|5室3厅|231.14平米|南北,1260,万,单价54513元/平米,3人关注/17天前发布,宝山,bp1000ep100000,l5
5年一出无增值税电梯大复式，电梯高区，户型图联系我,107103704505,中环一号(一期),https://sh.ke.com/xiaoqu/5011000012041/,中楼层(共12层)|2008年建|5室3厅|183.61平米|南,1300,万,单价70803元/平米,19人关注/25天前发布,宝山,bp1000ep100000,l5
双拼别墅使用空间大近地铁生活配套成熟户型方正,107103671126,海德花园,https://sh.ke.com/xiaoqu/5011000013408/,低楼层(共1层)|2006年建|5室3厅|235.32平米|南北,1200,万,单价50995元/平米,4人关注/1月前发布,宝山,bp1000ep100000,l5
飘鹰锦和花园(别墅)5室3厅南北,107103795834,飘鹰锦和花园(别墅),https://sh.ke.com/xiaoqu/5011000018768/,低楼层(共1层)|2012年建|5室3厅|306.21平米|南北,1500,万,单价48986元/平米,4人关注/7天前发布,宝山,bp1000ep100000,l5
园林小区，凯德品质，满五，城市花园居住舒适,107103507010,新家坡美树馆,https://sh.ke.com/xiaoqu/5011000015191/,高楼层(共33层)|1999年建|5室2厅|221.33平米|东南南,2200,万,单价99400元/平米,169人关注/2月前发布,徐汇,bp1000ep100000,l5
满五/税费各付/一层一户/外圆内方/原始坯房/交通便利,107103555798,中凯城市之光(徐汇),https://sh.ke.com/xiaoqu/5011000009451/,低楼层(共33层)|2012年建|5室2厅|402.38平米|东南西北,4150,万,单价103137元/平米,54人关注/2月前发布,徐汇,bp1000ep100000,l5
申德公寓5室2厅南北,107103582229,申德公寓,https://sh.ke.com/xiaoqu/5011000009002/,高楼层(共11层)|2002年建|5室2厅|251.87平米|南北,2550,万,单价101243元/平米,30人关注/1月前发布,徐汇,bp1000ep100000,l5
高品质小区+采光好+生活便利+近地铁,107103322585,明园小安桥,https://sh.ke.com/xiaoqu/5011000017905/,高楼层(共17层)|2010年建|5室2厅|211.51平米|南,2100,万,单价99287元/平米,60人关注/4月前发布,徐汇,bp1000ep100000,l5
南北通大复式+带2个露台+高区视野好+楼距宽环境好随看,107103304938,龙兆苑,https://sh.ke.com/xiaoqu/5011000016736/,高楼层(共11层)|2002年建|5室2厅|246.41平米|南北,2350,万,单价95370元/平米,100人关注/4月前发布,徐汇,bp1000ep100000,l5
中凯城市之光+一层一户+*大平层+外圆内方+全屋地暖,107103229776,中凯城市之光(徐汇),https://sh.ke.com/xiaoqu/5011000009451/,低楼层(共33层)|2012年建|5室1厅|403.91平米|南,4550,万,单价112649元/平米,66人关注/5月前发布,徐汇,bp1000ep100000,l5
徐汇区带花园双拼别墅中环地段近世外单价低,107103225704,玫瑰园,https://sh.ke.com/xiaoqu/5011000015145/,低楼层(共2层)|1994年建|5室3厅|301.3平米|南,2599,万,单价86260元/平米,70人关注/5月前发布,徐汇,bp1000ep100000,l5
各付税费，诚售，中间位置，大花园，独栋,107103224161,玫瑰园,https://sh.ke.com/xiaoqu/5011000015145/,低楼层(共3层)|1994年建|5室3厅|495.47平米|南,4100,万,单价82750元/平米,35人关注/5月前发布,徐汇,bp1000ep100000,l5
中凯城市之光+一层一户+*大平层+外圆内方+全屋地暖,107103214615,中凯城市之光(徐汇),https://sh.ke.com/xiaoqu/5011000009451/,中楼层(共33层)|2012年建|5室2厅|403.91平米|南,5500,万,单价136169元/平米,186人关注/5月前发布,徐汇,bp1000ep100000,l5
边套复式、房型周正、近地铁配套齐全、满五不*,107103161719,东安二村,https://sh.ke.com/xiaoqu/5011000017535/,高楼层(共4层)|1958年建|5室3厅|164.39平米|南北,1350,万,单价82122元/平米,38人关注/5月前发布,徐汇,bp1000ep100000,l5
艺术公寓顶楼复式带阁楼，精装修房有150平方露台房,107102879784,艺术公寓,https://sh.ke.com/xiaoqu/5011000017189/,高楼层(共12层)|1999年建|5室2厅|242.68平米|南,3700,万,单价152465元/平米,167人关注/8月前发布,徐汇,bp1000ep100000,l5
南北复式带电梯精装修大5房业主自住,107102549369,紫藤苑,https://sh.ke.com/xiaoqu/5011000016805/,高楼层(共11层)|2001年建|5室2厅|205.87平米|南北,2100,万,单价102007元/平米,71人关注/10月前发布,徐汇,bp1000ep100000,l5
【未来三轨交汇】【双拼联排双车位】,107101708880,漓江山水花园,https://sh.ke.com/xiaoqu/5012225019129921/,低楼层(共3层)|2003年建|5室3厅|227.45平米|东,2500,万,单价109915元/平米,151人关注/1年前发布,徐汇,bp1000ep100000,l5
延庆路整幢新里，三面临空，南北向，朝南全天候阳光,107103464644,延庆路123弄,https://sh.ke.com/xiaoqu/5011000010301/,低楼层(共3层)|1936年建|5室2厅|215.16平米|南北东,3550,万,单价164994元/平米,6人关注/3月前发布,徐汇,bp1000ep100000,l5
面积大，近地铁，交通便利，业主诚意出售,107103709200,光大会展中心,https://sh.ke.com/xiaoqu/5011000017791/,高楼层(共30层)|2001年建|5室2厅|234.06平米|东南西北,1050,万,单价44861元/平米,9人关注/24天前发布,徐汇,bp1000ep100000,l5
繁华地段，配套齐全，适宜家庭居住，单价低大平层,107103691382,平成阁公寓,https://sh.ke.com/xiaoqu/5011000015248/,中楼层(共12层)|1995年建|5室2厅|183.63平米|南,1500,万,单价81686元/平米,5人关注/28天前发布,徐汇,bp1000ep100000,l5
徐汇2008房子，近9号线，南北通，带地下室诚意出售。,107103796904,永兆豪庭,https://sh.ke.com/xiaoqu/5011882222596584/,低楼层(共18层)|2008年建|5室2厅|218.22平米|南,1739,万,单价79691元/平米,2人关注/7天前发布,徐汇,bp1000ep100000,l5
建国西路独栋新里始建1936看房方便,107101816538,建国西路340号,https://sh.ke.com/xiaoqu/5011000002808/,低楼层(共4层)5室2厅|270.1平米|南,3500,万,单价129582元/平米,44人关注/1年前发布,徐汇,bp1000ep100000,l5
徐家汇典范小区，在徐家汇住进别墅的感觉,107102811351,永新城,https://sh.ke.com/xiaoqu/5011000016413/,低楼层(共15层)|2007年建|5室2厅|239.06平米|南北,2520,万,单价105413元/平米,44人关注/8月前发布,徐汇,bp1000ep100000,l5
八村复式，商品房，采光好，额外带阁楼，全明房型,107103439116,桃浦新家园,https://sh.ke.com/xiaoqu/5011000009408/,高楼层(共6层)|2001年建|5室3厅|121.64平米|南,550,万,单价45216元/平米,114人关注/3月前发布,普陀,bp500ep600,l5
5楼复6楼的房子户型正气，一梯两户,107103360283,志丹公寓,https://sh.ke.com/xiaoqu/5011000015795/,高楼层(共5层)|2004年建|5室2厅|104.5平米|南,850,万,单价81340元/平米,23人关注/4月前发布,普陀,bp800ep1000,l5
5楼复6楼的房子户型正气，一梯两户,107103779422,志丹公寓,https://sh.ke.com/xiaoqu/5011000015795/,高楼层(共5层)|2004年建|5室2厅|118.25平米|南,960,万,单价81184元/平米,1人关注/11天前发布,普陀,bp800ep1000,l5
小高层的电梯房，南北通飞机全明户型,107103031515,银座花苑,https://sh.ke.com/xiaoqu/5011000018134/,高楼层(共7层)|1994年建|5室3厅|236.79平米|南,1880,万,单价79396元/平米,32人关注/7月前发布,普陀,bp1000ep100000,l5
十年出壹套的戶型，付款快價格好談，肯定*乎妳的想象,107103430111,中远两湾城,https://sh.ke.com/xiaoqu/5011000014141/,高楼层(共36层)|2000年建|5室3厅|322.57平米|南,2980,万,单价92384元/平米,290人关注/3月前发布,普陀,bp1000ep100000,l5
高买入价，挑高复式，满五年v一，看房方便，诚意出售,107103663044,水岸豪庭,https://sh.ke.com/xiaoqu/5011000018066/,低楼层(共18层)|2003年建|5室2厅|112.11平米|南,1400,万,单价124878元/平米,65人关注/1月前发布,普陀,bp1000ep100000,l5
内环内新出复式五房地铁7-13号线500米满五*！！,107103429100,澳门家园,https://sh.ke.com/xiaoqu/5011000016684/,高楼层(共7层)|1996年建|5室3厅|216.42平米|南北,1300,万,单价60069元/平米,58人关注/3月前发布,普陀,bp1000ep100000,l5
长寿路少有电梯小高层，顶复视野采光好，住3代,107103610022,陕西北路1283弄,https://sh.ke.com/xiaoqu/5020031249578123/,高楼层(共6层)|1999年建|5室2厅|166.25平米|南北,1650,万,单价99249元/平米,11人关注/1月前发布,普陀,bp1000ep100000,l5
15年次新房，底层大复式，别墅式的居住体验，3层！,107103032677,雅戈尔长风8号,https://sh.ke.com/xiaoqu/5011000001928/,低楼层(共22层)|2014年建|5室4厅|687.56平米|南,3700,万,单价53814元/平米,91人关注/7月前发布,普陀,bp1000ep100000,l5
愉景精装修大户型电梯复式可18楼19楼入户买进价高,107102801122,愉景华庭,https://sh.ke.com/xiaoqu/5011000016138/,高楼层(共18层)|2005年建|5室2厅|189.96平米|南北,1615,万,单价85018元/平米,74人关注/8月前发布,普陀,bp1000ep100000,l5
二手买进税费低大面积单价低门口有草地,107102690914,香溢花城(住宅),https://sh.ke.com/xiaoqu/5011000013745/,低楼层(共25层)|2009年建|5室3厅|210.8平米|南北,1285,万,单价60959元/平米,189人关注/9月前发布,普陀,bp1000ep100000,l5
13/7双轨长寿路站顶楼复式位置安静附带大露台,107101331976,常德名园,https://sh.ke.com/xiaoqu/5011000014999/,高楼层(共11层)|2002年建|5室3厅|245.67平米|南,2150,万,单价87516元/平米,340人关注/1年前发布,普陀,bp1000ep100000,l5
带产权车位+一梯一户+内环内五房五露台+小区人车分流,107102117528,上青佳园,https://sh.ke.com/xiaoqu/5011000018227/,高楼层(共10层)|2001年建|5室2厅|231.34平米|南北,2186,万,单价94493元/平米,67人关注/1年前发布,普陀,bp1000ep100000,l5
看房找维护人李=税费各付+顶楼复式+阁楼+游泳池,107103719136,高尚领域,https://sh.ke.com/xiaoqu/5011000004947/,高楼层(共38层)|2015年建|5室3厅|270.95平米|南,2300,万,单价84887元/平米,3人关注/22天前发布,普陀,bp1000ep100000,l5
装修保养好、业主诚意出售、房本满五年！,107101754849,合生江湾国际公寓,https://sh.ke.com/xiaoqu/5011000014775/,低楼层(共18层)|2008年建|5室2厅|184.8平米|南,1800,万,单价97403元/平米,97人关注/1年前发布,杨浦,bp1000ep100000,l5
5房3厅3卫小区中间位置，中间楼层,107103671457,银亿领墅,https://sh.ke.com/xiaoqu/5011000004179/,中楼层(共6层)|2014年建|5室3厅|230.91平米|南,2580,万,单价111732元/平米,76人关注/1月前发布,杨浦,bp1000ep100000,l5
纯别墅社区，新江湾仅有的低密度社区、独栋,107103436424,江湾尊堡别墅(别墅),https://sh.ke.com/xiaoqu/5011000004235/,低楼层(共3层)|2012年建|5室4厅|562.72平米|南,5800,万,单价103071元/平米,62人关注/3月前发布,杨浦,bp1000ep100000,l5
珍藏版别墅，前后花园，私家泳池，有车位,107103653698,仁恒怡庭,https://sh.ke.com/xiaoqu/5011000013592/,低楼层(共5层)|2011年建|5室3厅|486平米|南,4000,万,单价82305元/平米,24人关注/1月前发布,杨浦,bp1000ep100000,l5
复式大户型景观五房3卫，80平主卧套间，俯瞰整个杨浦,107103379147,海上硕和城,https://sh.ke.com/xiaoqu/5011000010028/,高楼层(共18层)|2008年建|5室3厅|256.62平米|南北,2350,万,单价91576元/平米,94人关注/3月前发布,杨浦,bp1000ep100000,l5
大平层，4+1户型，满五，视野好，装修保养好,107103630933,建发江湾萃,https://sh.ke.com/xiaoqu/5011000010270/,中楼层(共17层)|2012年建|5室2厅|276.51平米|南北,2880,万,单价104156元/平米,55人关注/1月前发布,杨浦,bp1000ep100000,l5
莱茵半岛1复2正气五房满五年8号线带子母产权车位,107103750759,莱茵半岛,https://sh.ke.com/xiaoqu/5011000016518/,低楼层(共8层)|2002年建|5室2厅|234.17平米|南北,1450,万,单价61921元/平米,17人关注/15天前发布,杨浦,bp1000ep100000,l5
内环内+错层复式+诚意出售+寻找有缘人,107103453517,大运盛城,https://sh.ke.com/xiaoqu/5011000015319/,中楼层(共11层)|2000年建|5室2厅|159.8平米|南,1348,万,单价84356元/平米,48人关注/3月前发布,杨浦,bp1000ep100000,l5
华润品质小区，精典平层，6米宽大客厅，带车位,107102917186,华润置地橡树湾,https://sh.ke.com/xiaoqu/5011000014068/,低楼层(共13层)|2011年建|5室2厅|302.73平米|南北,2680,万,单价88528元/平米,75人关注/8月前发布,杨浦,bp1000ep100000,l5
九里，3.4米层高正对小区花园，带车位，满五唯一。,107102666376,华润置地橡树湾,https://sh.ke.com/xiaoqu/5011000014068/,低楼层(共16层)|2013年建|5室2厅|317.06平米|南,2750,万,单价86735元/平米,55人关注/10月前发布,杨浦,bp1000ep100000,l5
六七楼复式，的房率高，精装修，随时可看,107102277541,铁岭路10弄,https://sh.ke.com/xiaoqu/5011000004555/,高楼层(共7层)|1998年建|5室3厅|189.59平米|南,1235,万,单价65141元/平米,103人关注/1年前发布,杨浦,bp1000ep100000,l5
全明中叠，精装五房，保养好，满五,107100812702,仁恒怡庭,https://sh.ke.com/xiaoqu/5011000013592/,中楼层(共5层)|2011年建|5室4厅|336.69平米|南,3880,万,单价115240元/平米,123人关注/2年前发布,杨浦,bp1000ep100000,l5
复式带80平阁楼＋露台+精装修+满5年+使用面积280平！,107103789290,仁恒怡庭,https://sh.ke.com/xiaoqu/5011000013592/,高楼层(共4层)|2011年建|5室2厅|200.24平米|南北,2700,万,单价134839元/平米,27人关注/8天前发布,杨浦,bp1000ep100000,l5
带车位带露台带阁楼两间地下室实际使用面积410平,107103522278,中建大公馆,https://sh.ke.com/xiaoqu/5011000009852/,高楼层(共6层)|2013年建|5室1厅|260平米|南,3380,万,单价130000元/平米,34人关注/2月前发布,杨浦,bp1000ep100000,l5
泰宝华庭(公寓)5室2厅南,107103777336,泰宝华庭(公寓),https://sh.ke.com/xiaoqu/5011000009242/,高楼层(共6层)|2011年建|5室2厅|180.91平米|南,2600,万,单价143718元/平米,11人关注/11天前发布,杨浦,bp1000ep100000,l5
公园旁联排别墅，前后花园可停三部车，五年出一套。,107101896704,文化佳园,https://sh.ke.com/xiaoqu/5011000016934/,低楼层(共3层)|2002年建|5室3厅|244.98平米|南北,2500,万,单价102050元/平米,152人关注/1年前发布,杨浦,bp1000ep100000,l5
满五年采光充足环境好楼层好,107103710641,大运盛城,https://sh.ke.com/xiaoqu/5011000015319/,高楼层(共6层)|2000年建|5室2厅|150平米|南,1200,万,单价80000元/平米,3人关注/24天前发布,杨浦,bp1000ep100000,l5
经典复式+使用面积大+有大露台+得房率高+小区中间,107103399982,文化花园香榭丽苑,https://sh.ke.com/xiaoqu/5011000017838/,高楼层(共6层)|1999年建|5室3厅|171.06平米|南北,1350,万,单价78920元/平米,32人关注/3月前发布,杨浦,bp1000ep100000,l5
动静分离，视野宽阔，采光好，配套齐全，出行便利,107102748396,泰宝华庭(公寓),https://sh.ke.com/xiaoqu/5011000009242/,低楼层(共6层)|2011年建|5室2厅|180.11平米|南,2550,万,单价141581元/平米,29人关注/9月前发布,杨浦,bp1000ep100000,l5
800万装修，12米面宽，5.5挑高，有阁楼，近地铁。,107103550293,西郊华庭,https://sh.ke.com/xiaoqu/5011000015147/,低楼层(共2层)|1998年建|5室3厅|339平米|南,4050,万,单价119470元/平米,54人关注/2月前发布,长宁,bp1000ep100000,l5
湖南路少有大平层，一层一户，闹中取静，千万装修拎包,107103407473,兰庭,https://sh.ke.com/xiaoqu/5011000015897/,低楼层(共7层)|2006年建|5室3厅|383.83平米|南,6000,万,单价156320元/平米,68人关注/3月前发布,长宁,bp1000ep100000,l5
：位于花园位置南北通格局业主诚意出售,107103730555,御墅花园(别墅),https://sh.ke.com/xiaoqu/5011000016672/,低楼层(共3层)|2001年建|5室3厅|222.64平米|南北,2500,万,单价112289元/平米,23人关注/19天前发布,长宁,bp1000ep100000,l5
新出外销房+带露台+顶楼复式+近地铁300米+满五年税少,107103650881,威宁花苑,https://sh.ke.com/xiaoqu/5011000014404/,高楼层(共11层)|2001年建|5室2厅|226.14平米|南北,1950,万,单价86230元/平米,48人关注/1月前发布,长宁,bp1000ep100000,l5
店长推荐，好楼层，户型正气，动物园景观尽收眼底,107103795565,虹桥中园,https://sh.ke.com/xiaoqu/5011000016876/,高楼层(共14层)|2006年建|5室2厅|173.84平米|南,1558,万,单价89623元/平米,16人关注/7天前发布,长宁,bp1000ep100000,l5
虹桥中华园（别墅）5室3厅2330万,107103780209,虹桥中华园（别墅）,https://sh.ke.com/xiaoqu/5011860572648194/,低楼层(共3层)|2001年建|5室3厅|219.66平米|南,2330,万,单价106074元/平米,22人关注/11天前发布,长宁,bp1000ep100000,l5
古北经典360大平层，只此一席，人车分流，回味无穷,107103621768,古北中央花园,https://sh.ke.com/xiaoqu/5011000015703/,中楼层(共17层)|2007年建|5室2厅|360.92平米|南,4500,万,单价124682元/平米,9人关注/1月前发布,长宁,bp1000ep100000,l5
田园别墅坐落在龙溪路，剑河路，属于西郊别墅区,107102957652,田园别墅(别墅),https://sh.ke.com/xiaoqu/5011000016962/,低楼层(共3层)|1995年建|5室2厅|280.56平米|南,3800,万,单价135444元/平米,64人关注/7月前发布,长宁,bp1000ep100000,l5
3层复式，使用面积大，单价低，有车位，房东急售,107102566781,虹桥河滨花园,https://sh.ke.com/xiaoqu/5011000018371/,低楼层(共32层)|2004年建|5室2厅|418.52平米|南,2600,万,单价62124元/平米,150人关注/10月前发布,长宁,bp1000ep100000,l5
独栋小别墅，三层，带花园，闹中取静，配套齐全！,107101484996,镇宁路545弄,https://sh.ke.com/xiaoqu/5011000015939/,低楼层(共3层)|1950年建|5室3厅|178.4平米|南,1800,万,单价100897元/平米,102人关注/1年前发布,长宁,bp1000ep100000,l5
淮海西路顶楼复式，出行方便，看房随时,107100614215,淮海花园,https://sh.ke.com/xiaoqu/5011000018292/,高楼层(共26层)|2001年建|5室3厅|352.99平米|南,3360,万,单价95187元/平米,117人关注/2年前发布,长宁,bp1000ep100000,l5
迎龙大厦(公寓)5室3厅南,107103614191,迎龙大厦(公寓),https://sh.ke.com/xiaoqu/5011000016992/,中楼层(共23层)|2004年建|5室3厅|284.91平米|南,1851,万,单价64968元/平米,5人关注/1月前发布,长宁,bp1000ep100000,l5
满五年总价低税费低看房方便近绿地公园配套齐全,107102498582,番禺大厦,https://sh.ke.com/xiaoqu/5011000017244/,低楼层(共29层)|2002年建|5室2厅|258.88平米|南,1216,万,单价46972元/平米,139人关注/11月前发布,长宁,bp1000ep100000,l5
业主自住装修好带花园南北通格局业主诚意出售,107103701169,御墅花园(别墅),https://sh.ke.com/xiaoqu/5011000016672/,低楼层(共3层)|2001年建|5室2厅|222.49平米|南,2500,万,单价112365元/平米,13人关注/26天前发布,长宁,bp1000ep100000,l5
"精装修,户型方正，通透，可拎包入住",107103749441,新世纪广场,https://sh.ke.com/xiaoqu/5011000017993/,高楼层(共19层)|1995年建|5室2厅|263.12平米|南东南,1452,万,单价55184元/平米,8人关注/15天前发布,长宁,bp1000ep100000,l5
满五*税费少精装拎包入住看房提前约,107103177071,高乐小区,https://sh.ke.com/xiaoqu/5011000010756/,高楼层(共6层)|2000年建|5室3厅|194.58平米|南,500,万,单价25697元/平米,28人关注/5月前发布,松江,bp400ep500,l5
公捷苑5室2厅南北,107103768933,公捷苑,https://sh.ke.com/xiaoqu/5011000012633/,高楼层(共6层)|1988年建|5室2厅|98.34平米|南北,420,万,单价42709元/平米,3人关注/13天前发布,松江,bp400ep500,l5
红墅1858(公寓)5室2厅南,107103639772,红墅1858(公寓),https://sh.ke.com/xiaoqu/5011000002487/,高楼层(共8层)|2011年建|5室2厅|89.21平米|南,560,万,单价62774元/平米,7人关注/1月前发布,松江,bp500ep600,l5
采光好面积大舒适大平层公交直达地铁站,107103693357,润江花苑,https://sh.ke.com/xiaoqu/5011000014518/,高楼层(共7层)|2007年建|5室2厅|158.99平米|南北,530,万,单价33336元/平米,22人关注/27天前发布,松江,bp500ep600,l5
满五*税费少精装拎包入住看房提前约,107103177071,高乐小区,https://sh.ke.com/xiaoqu/5011000010756/,高楼层(共6层)|2000年建|5室3厅|194.58平米|南,500,万,单价25697元/平米,28人关注/5月前发布,松江,bp500ep600,l5
6复7带阁楼大露台+阳光房视野开阔采光佳税费低,107103193076,三盛颐景园(公寓),https://sh.ke.com/xiaoqu/5011000016116/,高楼层(共6层)|2006年建|5室2厅|178.22平米|南,610,万,单价34228元/平米,43人关注/5月前发布,松江,bp600ep700,l5
带阁楼，阁楼面积很大，带两个卧室，卫生间，衣帽间,107103351561,开天公寓,https://sh.ke.com/xiaoqu/5011000006922/,高楼层(共6层)|2002年建|5室2厅|126.3平米|南北,650,万,单价51465元/平米,9人关注/4月前发布,松江,bp600ep700,l5
金地二期少有户型，5房大平层，一家三代都能住下,107103342505,金地自在城(二期),https://sh.ke.com/xiaoqu/5011102207024/,低楼层(共12层)|2014年建|5室2厅|195.84平米|南,750,万,单价38297元/平米,86人关注/4月前发布,松江,bp700ep800,l5
精装修满四年自住预约随时可看,107103570455,明中龙祥家园(公寓),https://sh.ke.com/xiaoqu/5011000013515/,低楼层(共6层)|2010年建|5室2厅|197.45平米|南,780,万,单价39504元/平米,19人关注/2月前发布,松江,bp700ep800,l5
原野花园大户型别墅自住精装边套带大露台诚意出售,107103405930,原野花园,https://sh.ke.com/xiaoqu/5011000012497/,中楼层(共4层)|2006年建|5室2厅|201.94平米|北南,1000,万,单价49520元/平米,86人关注/3月前发布,松江,bp800ep1000,l5
only在售叠加复式房，业主自住保养好，100平阁楼露台,107103730068,松云水苑(公寓),https://sh.ke.com/xiaoqu/5011000015506/,中楼层(共4层)|2005年建|5室2厅|216.65平米|南,880,万,单价40619元/平米,20人关注/20天前发布,松江,bp800ep1000,l5
紫东新苑+顶楼复式+看房有钥匙+业主诚意出售,107103719295,紫东新苑,https://sh.ke.com/xiaoqu/5011000014198/,高楼层(共11层)|2005年建|5室3厅|261平米|南,930,万,单价35633元/平米,7人关注/22天前发布,松江,bp800ep1000,l5
2015年次新别墅，英伦风格，实际面积大，钥匙房！,107103745746,中海悦府,https://sh.ke.com/xiaoqu/5011000000460/,低楼层(共3层)|2015年建|5室3厅|187.3平米|南北,828,万,单价44208元/平米,29人关注/16天前发布,松江,bp800ep1000,l5
金地自在城(二期)5-2-1-3220.00m²900万,107103653839,金地自在城(二期),https://sh.ke.com/xiaoqu/5011102207024/,低楼层(共18层)|2014年建|5室2厅|220.33平米|南,950,万,单价43118元/平米,22人关注/1月前发布,松江,bp800ep1000,l5
次新房上下独立两层全屋地暖带大花园隔代居住舒适,107102634709,新虹桥首府(公寓),https://sh.ke.com/xiaoqu/5011000009417/,低楼层(共19层)|2015年建|5室3厅|213.47平米|南,980,万,单价45909元/平米,112人关注/10月前发布,松江,bp800ep1000,l5
地铁口精装顶楼大复式+满五年+看中价可谈+看房随时,107102007723,亭汇花苑,https://sh.ke.com/xiaoqu/5011000013415/,高楼层(共6层)|2004年建|5室2厅|184.66平米|南北,839,万,单价45435元/平米,78人关注/1年前发布,松江,bp800ep1000,l5
联排东边套大花园一车库两个车位装修好拎包入住,107101222782,沿海丽水馨庭(别墅),https://sh.ke.com/xiaoqu/5011000014489/,低楼层(共3层)|2007年建|5室2厅|170.95平米|南,920,万,单价53817元/平米,80人关注/1年前发布,松江,bp800ep1000,l5
下叠加东边套，大花园，一楼带朝南老人套房，全明户型,107103635193,意墅家,https://sh.ke.com/xiaoqu/5011000013420/,低楼层(共4层)|2006年建|5室2厅|193平米|南,928,万,单价48083元/平米,64人关注/1月前发布,松江,bp800ep1000,l5
金地自在城(二期)5室2厅南,107103708942,金地自在城(二期),https://sh.ke.com/xiaoqu/5011102207024/,高楼层(共17层)|2014年建|5室2厅|218.9平米|南,880,万,单价40202元/平米,11人关注/24天前发布,松江,bp800ep1000,l5
金地自在城(二期)5室2厅南,107103814540,金地自在城(二期),https://sh.ke.com/xiaoqu/5011102207024/,中楼层(共18层)|2014年建|5室2厅|218.48平米|南,885,万,单价40508元/平米,4人关注/2天前发布,松江,bp800ep1000,l5
原野花园大户型别墅自住精装边套带大露台诚意出售,107103405930,原野花园,https://sh.ke.com/xiaoqu/5011000012497/,中楼层(共4层)|2006年建|5室2厅|201.94平米|北南,1000,万,单价49520元/平米,86人关注/3月前发布,松江,bp1000ep100000,l5
店长推荐龙湖经典联排，毛坯房，总价低！双车位！,107103515474,龙湖好望山(别墅),https://sh.ke.com/xiaoqu/5011000013055/,低楼层(共3层)|2013年建|5室2厅|333.6平米|南,1350,万,单价40468元/平米,78人关注/2月前发布,松江,bp1000ep100000,l5
文翔边套联排四南房壕华装修大花园带大地下室,107103702100,文翔名苑(别墅),https://sh.ke.com/xiaoqu/5011000000598/,低楼层(共3层)|2009年建|5室2厅|233.42平米|南,1260,万,单价53980元/平米,6人关注/25天前发布,松江,bp1000ep100000,l5
紫都上海晶园5室2厅南,107103646310,紫都上海晶园,https://sh.ke.com/xiaoqu/5011000013355/,低楼层(共2层)|2008年建|5室2厅|509.67平米|南,2500,万,单价49052元/平米,12人关注/1月前发布,松江,bp1000ep100000,l5
高绿化低密度，毛坯大花园，朝南大客厅，室内可装电梯,107103595266,朗庭上郡苑(别墅),https://sh.ke.com/xiaoqu/5011000018449/,低楼层(共1层)|2010年建|5室3厅|330平米|南,1350,万,单价40910元/平米,59人关注/1月前发布,松江,bp1000ep100000,l5
独栋别墅北临河大花园精装修,107103660876,乔爱别墅,https://sh.ke.com/xiaoqu/5011000016536/,低楼层(共2层)5室3厅|265.54平米|南,2070,万,单价77955元/平米,15人关注/1月前发布,松江,bp1000ep100000,l5
临河景观双拼别墅业主诚心各付税,107103550807,月亮河碧园(别墅),https://sh.ke.com/xiaoqu/5011000001009/,低楼层(共3层)|2006年建|5室2厅|208.19平米|南,1388,万,单价66670元/平米,38人关注/2月前发布,松江,bp1000ep100000,l5
绿洲比华利花园5室2厅南,107103607874,绿洲比华利花园,https://sh.ke.com/xiaoqu/5011000017085/,低楼层(共2层)|1999年建|5室2厅|256.67平米|南,2000,万,单价77922元/平米,30人关注/1月前发布,松江,bp1000ep100000,l5
三期世袭领地，花园1100平，地上2层＋地下室，无个税,107103470224,桃花源田庄,https://sh.ke.com/xiaoqu/5011000003184/,低楼层(共2层)|2004年建|5室3厅|436.84平米|南,2680,万,单价61350元/平米,22人关注/3月前发布,松江,bp1000ep100000,l5
一期临小区公共绿地，简装独栋，东南花园集中,107103376153,紫都上海晶园,https://sh.ke.com/xiaoqu/5011000013355/,低楼层(共2层)|2005年建|5室3厅|513.12平米|南,2580,万,单价50281元/平米,8人关注/4月前发布,松江,bp1000ep100000,l5
紫都上海晶园5室2厅南,107103497712,紫都上海晶园,https://sh.ke.com/xiaoqu/5011000013355/,低楼层(共2层)|2007年建|5室2厅|852.98平米|南,6950,万,单价81480元/平米,7人关注/2月前发布,松江,bp1000ep100000,l5
晶苑14年房子大花园地上3层+地下室,107103705429,晶苑,https://sh.ke.com/xiaoqu/5011000004727/,低楼层(共3层)|2012年建|5室2厅|456.36平米|南北,2300,万,单价50399元/平米,21人关注/25天前发布,松江,bp1000ep100000,l5
别墅小区位置安静精装修地暖空调大花园,107103790053,原野花园,https://sh.ke.com/xiaoqu/5011000012497/,低楼层(共4层)|2006年建|5室2厅|197.31平米|南北,1180,万,单价59805元/平米,6人关注/8天前发布,松江,bp1000ep100000,l5
九亭稀que大独栋，前后大花园，业主诚意卖,107103506567,夏州花园,https://sh.ke.com/xiaoqu/5011000011731/,低楼层(共3层)|2003年建|5室2厅|542.83平米|南,2780,万,单价51214元/平米,24人关注/2月前发布,松江,bp1000ep100000,l5
岛屿别墅占地2亩双面临水景观佳拎包入住屋况好,107103219867,佘山银湖别墅,https://sh.ke.com/xiaoqu/5011000015716/,低楼层(共2层)|2005年建|5室3厅|534.59平米|南北,3460,万,单价64723元/平米,60人关注/5月前发布,松江,bp1000ep100000,l5
九号线佘山站，上坤合院东边套大花园，诚心出售,107103210798,新城上坤樾山半岛,https://sh.ke.com/xiaoqu/5020029624720477/,低楼层(共3层)5室2厅|184.09平米|南,1188,万,单价64534元/平米,47人关注/5月前发布,松江,bp1000ep100000,l5
纯地上大宅+占地1540平大花园+高尔夫球场+森林别墅,107103207598,天马高尔夫别墅,https://sh.ke.com/xiaoqu/5011000017632/,低楼层(共2层)|2003年建|5室4厅|477.23平米|南,1988,万,单价41658元/平米,60人关注/5月前发布,松江,bp1000ep100000,l5
户型方正，北面临河，花园大，税费少,107102915972,上海紫园,https://sh.ke.com/xiaoqu/5011000012510/,低楼层(共2层)|2009年建|5室3厅|423.3平米|南北东,2800,万,单价66147元/平米,45人关注/8月前发布,松江,bp1000ep100000,l5
大户型边套两百万装修，无违和感3种风格，可装升降梯,107102872055,达安圣芭芭花园,https://sh.ke.com/xiaoqu/5011000017643/,低楼层(共3层)|2009年建|5室2厅|233.01平米|南,1390,万,单价59655元/平米,84人关注/8月前发布,松江,bp1000ep100000,l5
肯辛顿花园联排别墅精装修拎包入住小区安静位置诚售,107102769706,泰晤士小镇(别墅),https://sh.ke.com/xiaoqu/5011000017221/,低楼层(共4层)|2006年建|5室2厅|220.46平米|西南,1150,万,单价52164元/平米,168人关注/9月前发布,松江,bp1000ep100000,l5
独栋别墅，精装修拎包入住，合围花园，小区好位置,107102748205,同润家园,https://sh.ke.com/xiaoqu/5011000015680/,低楼层(共2层)|1998年建|5室3厅|207.85平米|南,1550,万,单价74574元/平米,107人关注/9月前发布,松江,bp1000ep100000,l5
次新小区，联排别墅带花园带车库采光好位置居中,107102711229,世茂佘山里,https://sh.ke.com/xiaoqu/5011000005349/,低楼层(共4层)|2015年建|5室3厅|358.31平米|南北,1280,万,单价35724元/平米,48人关注/9月前发布,松江,bp1000ep100000,l5
小区位置好，满五*，税费少，保养好，拎包入住,107102676911,上海诗林(别墅),https://sh.ke.com/xiaoqu/5011000015573/,低楼层(共3层)|2004年建|5室2厅|235.41平米|南北,1200,万,单价50975元/平米,51人关注/9月前发布,松江,bp1000ep100000,l5
绿地开发，法式独栋别墅，小区人车分流，品质小区,107102643666,新南路壹号(别墅),https://sh.ke.com/xiaoqu/5011000004508/,低楼层(共2层)|2011年建|5室2厅|517.58平米|南,1800,万,单价34778元/平米,182人关注/10月前发布,松江,bp1000ep100000,l5
小区入住率高，离地铁近，房型方正，南花园,107102520159,泗泾颐景园,https://sh.ke.com/xiaoqu/5011000017177/,低楼层(共3层)|2011年建|5室2厅|502.96平米|南,2000,万,单价39765元/平米,53人关注/11月前发布,松江,bp1000ep100000,l5
满五*，联排东边套，带大花园,107102306098,朗庭上郡苑(别墅),https://sh.ke.com/xiaoqu/5011000018449/,低楼层(共1层)|2010年建|5室3厅|350.04平米|南北,1600,万,单价45710元/平米,62人关注/1年前发布,松江,bp1000ep100000,l5
纯独栋别墅，带地下室3层，可配合半年时间满五年,107102275124,夏州花园,https://sh.ke.com/xiaoqu/5011000011731/,低楼层(共3层)|2003年建|5室2厅|344.22平米|南,2500,万,单价72628元/平米,14人关注/1年前发布,松江,bp1000ep100000,l5
汉普顿庄园花园300平未住过位置好价格意想不到的给力,107102247589,泰晤士小镇(别墅),https://sh.ke.com/xiaoqu/5011000017221/,低楼层(共2层)|2006年建|5室2厅|470.11平米|南,2550,万,单价54243元/平米,43人关注/1年前发布,松江,bp1000ep100000,l5
松江莘闵大面积毛坯乔爱庄园独栋别墅环境好,107102026293,乔爱庄园,https://sh.ke.com/xiaoqu/5011000013435/,低楼层(共2层)|2012年建|5室3厅|613.4平米|南,3680,万,单价59994元/平米,12人关注/1年前发布,松江,bp1000ep100000,l5
联排边套，精装修，采光充足，业主诚售，看房方便,107101668611,英国会,https://sh.ke.com/xiaoqu/5011000015303/,低楼层(共3层)|2004年建|5室2厅|296.49平米|南西,1380,万,单价46545元/平米,12人关注/1年前发布,松江,bp1000ep100000,l5
【精装修独栋别墅】挑空大厅，格局好，地理位置优越,107101224941,浅水湾花园,https://sh.ke.com/xiaoqu/5011000015335/,低楼层(共2层)|2003年建|5室3厅|354.55平米|南,2480,万,单价69948元/平米,76人关注/1年前发布,松江,bp1000ep100000,l5
华润佘山九里大平层，业主诚心出售,107100210573,华润佘山九里,https://sh.ke.com/xiaoqu/5011000013202/,低楼层(共3层)|2011年建|5室2厅|389.92平米|南,1260,万,单价32315元/平米,35人关注/2年前发布,松江,bp1000ep100000,l5
紫园花园4亩北看佘山天主教堂，东临大河，视野好！,107000223129,上海紫园,https://sh.ke.com/xiaoqu/5011000012510/,低楼层(共2层)|2009年建|5室3厅|582.66平米|南,4888,万,单价83892元/平米,52人关注/4年前发布,松江,bp1000ep100000,l5
东边套，满五，有车位，花园大，亲水房，诚意出售，,107103660385,新南路壹号(别墅),https://sh.ke.com/xiaoqu/5011000004508/,低楼层(共4层)|2011年建|5室2厅|312平米|南,1100,万,单价35257元/平米,69人关注/1月前发布,松江,bp1000ep100000,l5
【伊莎士三层大独栋】全屋地暖，户型好，全套房设计。,107103418366,伊莎士花园,https://sh.ke.com/xiaoqu/5011000017907/,低楼层(共2层)|2005年建|5室2厅|253.27平米|南,1579,万,单价62345元/平米,29人关注/3月前发布,松江,bp1000ep100000,l5
佘山珑原一期类独栋精装修房东诚意出售,107103781286,佘山珑原,https://sh.ke.com/xiaoqu/5011000010666/,低楼层(共3层)|2012年建|5室2厅|359.68平米|南北,1750,万,单价48655元/平米,18人关注/10天前发布,松江,bp1000ep100000,l5
乔爱庄园5室3厅南,107103768737,乔爱庄园,https://sh.ke.com/xiaoqu/5011000013435/,低楼层(共2层)|2009年建|5室3厅|676.74平米|南,3000,万,单价44331元/平米,0人关注/13天前发布,松江,bp1000ep100000,l5
临河花园大，可以自己装修，景观位置，价格都可以谈,107103733443,依云郡(别墅),https://sh.ke.com/xiaoqu/5011000013598/,低楼层(共3层)|2008年建|5室3厅|193.21平米|南,1480,万,单价76601元/平米,2人关注/19天前发布,松江,bp1000ep100000,l5
东临河，毛坯，花园2000平临河，全明地下室，诚意出售,107103675957,佘山月湖山庄,https://sh.ke.com/xiaoqu/5011000016541/,低楼层(共2层)|2010年建|5室2厅|538.45平米|南,4600,万,单价85431元/平米,6人关注/1月前发布,松江,bp1000ep100000,l5
近莘庄商圈独栋别墅税费少精装修保养好出行便利,107103185248,桃花源田庄,https://sh.ke.com/xiaoqu/5011000003184/,低楼层(共2层)|2001年建|5室2厅|280.49平米|南,1820,万,单价64887元/平米,21人关注/5月前发布,松江,bp1000ep100000,l5
二期新上房源，花园集中朝南，3房朝南格局好,107102827026,佘山银湖别墅,https://sh.ke.com/xiaoqu/5011000015716/,低楼层(共2层)|2005年建|5室2厅|303.68平米|南,1850,万,单价60920元/平米,51人关注/8月前发布,松江,bp1000ep100000,l5
两面临河户型方正占地1173.7平,107102531761,佘山银湖别墅,https://sh.ke.com/xiaoqu/5011000015716/,低楼层(共2层)|2005年建|5室2厅|405.8平米|东,2500,万,单价61607元/平米,47人关注/10月前发布,松江,bp1000ep100000,l5
满五年*，中间位置，三面大花园，4套房,107102008388,佘山月湖山庄,https://sh.ke.com/xiaoqu/5011000016541/,低楼层(共2层)|2004年建|5室3厅|712.19平米|南,3800,万,单价53357元/平米,19人关注/1年前发布,松江,bp1000ep100000,l5
三层大独栋别墅，700㎡的大花园，三楼30㎡的大露台,107101562037,浅水湾花园,https://sh.ke.com/xiaoqu/5011000015335/,低楼层(共3层)|2003年建|5室2厅|396.43平米|南,2500,万,单价63063元/平米,46人关注/1年前发布,松江,bp1000ep100000,l5
佘山地铁站，类独栋东边套，100平大花园，双层地下室,107100813077,新城上坤樾山美墅,https://sh.ke.com/xiaoqu/5020020502851884/,低楼层(共3层)|2017年建|5室3厅|208.61平米|南,1430,万,单价68549元/平米,64人关注/2年前发布,松江,bp1000ep100000,l5
九亭高档社区独栋大别墅奢华装修花园2000平,107100375589,汇贤阁(别墅),https://sh.ke.com/xiaoqu/5011063974190/,低楼层(共2层)|2008年建|5室3厅|859.63平米|南北,4800,万,单价55838元/平米,70人关注/2年前发布,松江,bp1000ep100000,l5
云间水庄5室2厅南,107103717889,云间水庄,https://sh.ke.com/xiaoqu/5011000015427/,低楼层(共2层)5室2厅|279.52平米|南,1700,万,单价60819元/平米,10人关注/22天前发布,松江,bp1000ep100000,l5
成本出售，西临大河，花园800平，价格已调低,107000235243,佘山3号,https://sh.ke.com/xiaoqu/5011000015488/,低楼层(共2层)|2009年建|5室3厅|516.26平米|南,2350,万,单价45520元/平米,174人关注/4年前发布,松江,bp1000ep100000,l5
房屋精装修保养好，税费少，总价低，采光好，诚意出售,107103742587,外冈新苑,https://sh.ke.com/xiaoqu/5011000012504/,高楼层(共6层)|2007年建|5室2厅|187.11平米|南,315,万,单价16836元/平米,16人关注/17天前发布,嘉定,bp300ep400,l5
业主急售诚意卖+南北通透好户型+带地下室+拎包入住,107103528439,清水颐园,https://sh.ke.com/xiaoqu/5011000010669/,低楼层(共14层)|2006年建|5室2厅|204.2平米|南北,450,万,单价22038元/平米,76人关注/2月前发布,嘉定,bp400ep500,l5
税费少，精装复式，业主诚意出售,107103528052,怡华家园,https://sh.ke.com/xiaoqu/5011000009809/,高楼层(共6层)|2007年建|5室1厅|146.17平米|南,478,万,单价32702元/平米,13人关注/2月前发布,嘉定,bp400ep500,l5
品质小区精装修拎包入住设施齐全采光好视野佳,107103741590,清水颐园,https://sh.ke.com/xiaoqu/5011000010669/,高楼层(共5层)|2005年建|5室2厅|172.32平米|南北,550,万,单价31918元/平米,19人关注/17天前发布,嘉定,bp500ep600,l5
联排中间套别墅，税费低无个税，业主诚意出售,107103319672,上海院子,https://sh.ke.com/xiaoqu/5011000004280/,低楼层(共3层)|2014年建|5室2厅|149.9平米|南北,510,万,单价34023元/平米,19人关注/4月前发布,嘉定,bp500ep600,l5
满五税少电梯复式好户型近地铁店长推荐业主急卖！,107103634016,嘉丰佳苑,https://sh.ke.com/xiaoqu/5011000013529/,高楼层(共9层)|2003年建|5室2厅|193.95平米|南北,610,万,单价31452元/平米,49人关注/1月前发布,嘉定,bp600ep700,l5
此房满两年，品质物业，haohua装修,107102542163,安亭瑞仕华庭,https://sh.ke.com/xiaoqu/5011102208835/,高楼层(共25层)|2014年建|5室3厅|231.94平米|南,670,万,单价28887元/平米,104人关注/10月前发布,嘉定,bp600ep700,l5
业主精装修，拎包入住，附带车位,107103515332,河畔艺墅(别墅),https://sh.ke.com/xiaoqu/5011000000250/,低楼层(共3层)5室2厅|165.95平米|南,640,万,单价38566元/平米,10人关注/2月前发布,嘉定,bp600ep700,l5
满五一多出来100多平，出行方便，环境怡人,107103600473,兰郡九里澜溪谷,https://sh.ke.com/xiaoqu/5011000000004/,低楼层(共3层)|2011年建|5室2厅|213.54平米|南,669,万,单价31330元/平米,16人关注/1月前发布,嘉定,bp600ep700,l5
抢手！！！业主急售房源，满五年税费少，带阁楼！,107103516718,明日新苑,https://sh.ke.com/xiaoqu/5011000012537/,高楼层(共6层)|2001年建|5室2厅|163.08平米|南,749,万,单价45929元/平米,30人关注/2月前发布,嘉定,bp700ep800,l5
13号线丰庄站，大复式，前后双露台30平，景观位置,107103084209,明日新苑,https://sh.ke.com/xiaoqu/5011000012537/,高楼层(共6层)|2001年建|5室3厅|186.02平米|南,758,万,单价40749元/平米,116人关注/6月前发布,嘉定,bp700ep800,l5
大虹桥板块+三轨交汇+满五+得房率高+顶楼复式,107103735423,金帝城市岸泊(公寓),https://sh.ke.com/xiaoqu/5011000012946/,高楼层(共5层)|2007年建|5室2厅|173.81平米|南北,760,万,单价43726元/平米,6人关注/18天前发布,嘉定,bp700ep800,l5
大虹桥板块+三轨交汇+满五年+得房率高+顶楼复式,107103694820,金帝城市岸泊(公寓),https://sh.ke.com/xiaoqu/5011000012946/,高楼层(共5层)|2007年建|5室2厅|162.51平米|南北,780,万,单价47998元/平米,2人关注/27天前发布,嘉定,bp700ep800,l5
双拼别墅+北沿河+看房方便+小区环境优美,107102119487,顺驰兰郡名苑,https://sh.ke.com/xiaoqu/5011000013475/,低楼层(共3层)|2008年建|5室2厅|243.8平米|南北,720,万,单价29533元/平米,27人关注/1年前发布,嘉定,bp700ep800,l5
业主自住精装修+联排别墅+业主诚意卖+看房随时方便,107101563129,兰郡九里澜溪谷,https://sh.ke.com/xiaoqu/5011000000004/,低楼层(共3层)|2011年建|5室2厅|224.29平米|南北,760,万,单价33885元/平米,16人关注/1年前发布,嘉定,bp700ep800,l5
联排别墅，毛坯房，次新房客厅挑高6米附露台花园,107101225637,安亭瑞仕华庭(别墅),https://sh.ke.com/xiaoqu/5011000008872/,低楼层(共3层)|2013年建|5室2厅|331.31平米|南,990,万,单价29882元/平米,54人关注/1年前发布,嘉定,bp800ep1000,l5
业主诚意出售，边套带花园，精装修，拎包入住。,107103321434,上海院子,https://sh.ke.com/xiaoqu/5011000004280/,低楼层(共4层)|2015年建|5室4厅|307.9平米|南,900,万,单价29231元/平米,7人关注/4月前发布,嘉定,bp800ep1000,l5
临河独栋别墅满五唯一精装修看房方便诚意出售,107101839105,东方豪园(别墅),https://sh.ke.com/xiaoqu/5011000002778/,低楼层(共2层)|2012年建|5室3厅|716.75平米|南北,3980,万,单价55529元/平米,53人关注/1年前发布,嘉定,bp1000ep100000,l5
房东诚意出售装修好品质高出行便利拎包入住,107102033809,爱里舍花园(别墅),https://sh.ke.com/xiaoqu/5011000013899/,低楼层(共3层)|2002年建|5室2厅|271.3平米|南,1228,万,单价45264元/平米,18人关注/1年前发布,嘉定,bp1000ep100000,l5
双拼别墅大花园使用面积多诚意出售,107102894960,金地格林世界白金院邸(别墅),https://sh.ke.com/xiaoqu/5011000005229/,低楼层(共3层)|2009年建|5室2厅|428平米|南北,1980,万,单价46262元/平米,27人关注/8月前发布,嘉定,bp1000ep100000,l5
保利一线别墅边套200以上花园看300万装修拎包入住,107103484755,保利天鹅语,https://sh.ke.com/xiaoqu/5011000001169/,低楼层(共3层)|2014年建|5室3厅|361.23平米|南北,1950,万,单价53983元/平米,43人关注/2月前发布,嘉定,bp1000ep100000,l5
满五税少，北进门，南花园，钥匙房，诚意出售。,107103577152,金地格林世界(安布瓦湖),https://sh.ke.com/xiaoqu/5011000011008/,低楼层(共3层)|2006年建|5室2厅|354平米|南,2600,万,单价73447元/平米,11人关注/1月前发布,嘉定,bp1000ep100000,l5
联排别墅，近地铁南翔站，配套齐全，诚意出售,107103585121,金地格林世界(春晓),https://sh.ke.com/xiaoqu/5011000016484/,低楼层(共3层)|2004年建|5室2厅|201.19平米|南北,1315,万,单价65362元/平米,29人关注/1月前发布,嘉定,bp1000ep100000,l5
全明户型，采光通风好，地铁口交通便利，诚意出售,107103657069,嘉秀新苑,https://sh.ke.com/xiaoqu/5011000016577/,高楼层(共6层)|2005年建|5室2厅|203.38平米|南北,1120,万,单价55070元/平米,3人关注/1月前发布,嘉定,bp1000ep100000,l5
采光充足配套设施齐全交通便利风景优美.下沉式花园,107103661096,金地格林世界(白金果岭),https://sh.ke.com/xiaoqu/5011000011407/,低楼层(共3层)|2008年建|5室3厅|372.84平米|南,1850,万,单价49620元/平米,19人关注/1月前发布,嘉定,bp1000ep100000,l5
近地铁+复式两层+交通便捷+一梯两户,107103675051,嘉秀新苑,https://sh.ke.com/xiaoqu/5011000016577/,高楼层(共18层)|2007年建|5室3厅|229.47平米|南北,1428,万,单价62231元/平米,6人关注/1月前发布,嘉定,bp1000ep100000,l5
外环内14号线地铁口环境优美顶楼复式出行方便,107103719266,逸香园,https://sh.ke.com/xiaoqu/5011000016191/,高楼层(共6层)|2004年建|5室2厅|188.13平米|南北,1016,万,单价54006元/平米,3人关注/22天前发布,嘉定,bp1000ep100000,l5
保利天鹅语5室2厅南,107103734358,保利天鹅语,https://sh.ke.com/xiaoqu/5011000001169/,低楼层(共3层)|2014年建|5室2厅|325.28平米|南,1500,万,单价46115元/平米,8人关注/19天前发布,嘉定,bp1000ep100000,l5
独栋别墅，品质小区，纯毛坯，出行方便，环境怡人,107103744872,顺驰兰郡名苑,https://sh.ke.com/xiaoqu/5011000013475/,低楼层(共3层)|2008年建|5室3厅|542.99平米|南北,1300,万,单价23942元/平米,4人关注/16天前发布,嘉定,bp1000ep100000,l5
东边套，位置安静，装修好，诚意出售，全明房型，,107103779568,路劲翡丽湾(别墅),https://sh.ke.com/xiaoqu/5011102209931/,低楼层(共3层)|2013年建|5室3厅|337.06平米|南北,1880,万,单价55777元/平米,4人关注/11天前发布,嘉定,bp1000ep100000,l5
万宜坊5室2厅南,107102980045,万宜坊,https://sh.ke.com/xiaoqu/5011000015713/,低楼层(共3层)|1935年建|5室2厅|108.3平米|南,2150,万,单价198523元/平米,175人关注/7月前发布,黄浦,bp1000ep100000,l5
错过她再等一个世纪森林里的家奢华孤品唯此一席,107101740786,香山路1弄,https://sh.ke.com/xiaoqu/5011000003853/,低楼层(共4层)|1926年建|5室3厅|288.74平米|南,9500,万,单价329016元/平米,550人关注/1年前发布,黄浦,bp1000ep100000,l5
顶楼复式，近地铁，到价签字，配套齐全，交通方便。,107103523652,临汾路1244弄,https://sh.ke.com/xiaoqu/5011000008536/,高楼层(共6层)|1999年建|5室2厅|158平米|南北,750,万,单价47469元/平米,43人关注/2月前发布,静安,bp700ep800,l5
静安区03年商品房带露台，挑高五米复式+近地铁和万达,107103488745,三泉家园,https://sh.ke.com/xiaoqu/5011000016823/,高楼层(共6层)|2003年建|5室2厅|214.57平米|南,900,万,单价41945元/平米,63人关注/2月前发布,静安,bp800ep1000,l5
内环大平层，采光充足，全新精品装修，满五维一带车库,107103508884,静鼎安邦府邸(公寓),https://sh.ke.com/xiaoqu/5011000010585/,低楼层(共33层)|2006年建|5室2厅|267.39平米|南北,3450,万,单价129026元/平米,47人关注/2月前发布,静安,bp1000ep100000,l5
此房满五*，随时可看，交通便利，配套设施齐全,107103469230,曼克顿豪庭,https://sh.ke.com/xiaoqu/5011000018213/,高楼层(共35层)|2002年建|5室2厅|409平米|南,3880,万,单价94866元/平米,63人关注/3月前发布,静安,bp1000ep100000,l5
采光充足，房间采光好，通风性好,107103547088,慧芝湖花园,https://sh.ke.com/xiaoqu/5011000016384/,低楼层(共18层)|2007年建|5室3厅|219.9平米|南,2380,万,单价108232元/平米,12人关注/2月前发布,静安,bp1000ep100000,l5
中凯靠湖大复式，上下两层，带车位，产权清晰，方便看,107103333828,中凯城市之光(静安),https://sh.ke.com/xiaoqu/5011000018140/,低楼层(共28层)5室3厅|308.58平米|南北,4200,万,单价136108元/平米,167人关注/4月前发布,静安,bp1000ep100000,l5
顶楼复式-满五*大宁灵石公园-景观房,107103231444,世纪花苑,https://sh.ke.com/xiaoqu/5011000016505/,高楼层(共17层)|1999年建|5室2厅|182.99平米|南北,1180,万,单价64485元/平米,82人关注/5月前发布,静安,bp1000ep100000,l5
静安花园式小区视野开阔采光尽览苏州河一线景观,107101565281,天鼎花园,https://sh.ke.com/xiaoqu/5011000018162/,高楼层(共8层)|2001年建|5室2厅|205.37平米|南北,2180,万,单价106150元/平米,57人关注/1年前发布,静安,bp1000ep100000,l5
格局好楼层好，视野开阔采光充足，配套齐全交通方便,107101444094,天鼎花园,https://sh.ke.com/xiaoqu/5011000018162/,高楼层(共8层)|2001年建|5室2厅|254.06平米|东西,1880,万,单价73999元/平米,144人关注/1年前发布,静安,bp1000ep100000,l5
此房满五*，全明户型，位置好，得房率高。,107101064538,阳城美景,https://sh.ke.com/xiaoqu/5011000012904/,高楼层(共6层)|2005年建|5室2厅|181.64平米|南北,1158,万,单价63753元/平米,49人关注/2年前发布,静安,bp1000ep100000,l5
公园住宅，大平层，小区中间位置，3梯一户带露台车位,107100929307,国际丽都城,https://sh.ke.com/xiaoqu/5011000018127/,高楼层(共20层)|2005年建|5室3厅|330.29平米|南,4800,万,单价145327元/平米,297人关注/2年前发布,静安,bp1000ep100000,l5
空中花园顶复，带露台，带阁楼，五年*，房东诚意卖,107101319160,物华园,https://sh.ke.com/xiaoqu/5011000017822/,高楼层(共6层)|2001年建|5室3厅|240.46平米|南,1250,万,单价51984元/平米,86人关注/1年前发布,静安,bp1000ep100000,l5
老静安复式5房，带50平露台，法国设计师国际品牌设施,107103744835,达安花园,https://sh.ke.com/xiaoqu/5011000018226/,高楼层(共24层)|2001年建|5室3厅|226.09平米|南,3000,万,单价132691元/平米,25人关注/16天前发布,静安,bp1000ep100000,l5
高区复式+拎包入住+二手税少+灵石公园+大露台,107103555820,嘉茵苑,https://sh.ke.com/xiaoqu/5011000017248/,高楼层(共6层)|1998年建|5室2厅|155.51平米|南,1400,万,单价90027元/平米,6人关注/2月前发布,静安,bp1000ep100000,l5
满五*无，抵押无贷款，二期4+1南北通透户型,107103567252,瑞虹新城二期(优贤生活),https://sh.ke.com/xiaoqu/5011000018055/,低楼层(共39层)|2004年建|5室2厅|189.31平米|南北,2200,万,单价116212元/平米,48人关注/2月前发布,虹口,bp1000ep100000,l5
3号线地铁口+南北通全明户型+复式双开门,107103387001,海伦新苑,https://sh.ke.com/xiaoqu/5011000017542/,高楼层(共16层)|2004年建|5室3厅|258.06平米|南,2200,万,单价85252元/平米,57人关注/3月前发布,虹口,bp1000ep100000,l5
满五年顶楼复式，带阳光房，精装修，南北通，房型正气,107103003689,宏惠花苑,https://sh.ke.com/xiaoqu/5011000004328/,高楼层(共6层)|2002年建|5室3厅|173.85平米|南北,1737,万,单价99914元/平米,41人关注/7月前发布,虹口,bp1000ep100000,l5
鲁迅和矛盾曾经生活的马路，实际使用面积250平以上,107100422455,山阴路44弄,https://sh.ke.com/xiaoqu/5011000010897/,低楼层(共3层)|2000年建|5室4厅|118.83平米|南,1880,万,单价158210元/平米,88人关注/2年前发布,虹口,bp1000ep100000,l5
山阴路鲁迅公园旁整幢新里，三开间，优秀历史保护建筑,107002025763,山阴路145弄,https://sh.ke.com/xiaoqu/5011000005474/,低楼层(共3层)5室4厅|219.5平米|南,2300,万,单价104784元/平米,146人关注/3年前发布,虹口,bp1000ep100000,l5
内环内顶复，瑞虹天地公园边，满五且只有一套。,107103593227,虹口典范,https://sh.ke.com/xiaoqu/5011000014343/,高楼层(共18层)|2003年建|5室3厅|212.49平米|南北,1898,万,单价89322元/平米,48人关注/1月前发布,虹口,bp1000ep100000,l5
华能公寓5室1厅东,107103640699,华能公寓,https://sh.ke.com/xiaoqu/5011000015478/,低楼层(共26层)|1997年建|5室1厅|416.52平米|东,1100,万,单价26410元/平米,10人关注/1月前发布,虹口,bp1000ep100000,l5
此房一手动迁，采光好，户型方正，两房朝南，诚意卖！,107103657998,民乐佳苑三区,https://sh.ke.com/xiaoqu/5020046341883183/,高楼层(共5层)|2006年建|5室2厅|122.33平米|南,391,万,单价31963元/平米,52人关注/1月前发布,青浦,bp300ep400,l5
毛坯联排别墅、装修不受限制、附属地下室及露台。,107103577867,绿地朱家角1号,https://sh.ke.com/xiaoqu/5011063789495/,低楼层(共3层)5室4厅|150.33平米|南北,678,万,单价45101元/平米,58人关注/1月前发布,青浦,bp600ep700,l5
1、现房2、临河3、前排无任何遮挡、视野好,107102202306,中南君悦府,https://sh.ke.com/xiaoqu/5016323659182709/,高楼层(共12层)5室2厅|138.92平米|南,689,万,单价49597元/平米,83人关注/1年前发布,青浦,bp600ep700,l5
绿地朱家角一号联排别墅精装修中间套诚意出售,107103733213,绿地朱家角1号,https://sh.ke.com/xiaoqu/5011063789495/,低楼层(共3层)5室3厅|150.11平米|南,720,万,单价47965元/平米,21人关注/19天前发布,青浦,bp700ep800,l5
经典洋房，品质小区，带大花园，配套齐全,107103409512,西郊半岛名苑,https://sh.ke.com/xiaoqu/5011000001121/,低楼层(共4层)|2013年建|5室4厅|266.94平米|南,750,万,单价28097元/平米,66人关注/3月前发布,青浦,bp700ep800,l5
顶楼复式，满五只一套，免个税，可三代同堂居住。,107103496190,西郊半岛名苑,https://sh.ke.com/xiaoqu/5011000001121/,高楼层(共20层)|2014年建|5室2厅|196.41平米|南北,720,万,单价36659元/平米,32人关注/2月前发布,青浦,bp700ep800,l5
海上湾紫园临河别墅东边套大花园精装修诚意出售,107103494056,海上湾华庭紫园别墅,https://sh.ke.com/xiaoqu/5011000000708/,低楼层(共3层)|2011年建|5室3厅|322.2平米|南北,929,万,单价28834元/平米,85人关注/2月前发布,青浦,bp800ep1000,l5
鸿玺郡(北区)(别墅)5室3厅南,107103545326,鸿玺郡(北区)(别墅),https://sh.ke.com/xiaoqu/5020049014027260/,低楼层(共3层)|2016年建|5室3厅|304平米|南,958,万,单价31514元/平米,39人关注/2月前发布,青浦,bp800ep1000,l5
16年次新房，自带商体，近松泽高架,107103766671,葛洲坝玉兰花园,https://sh.ke.com/xiaoqu/5011102207287/,中楼层(共5层)5室2厅|168.43平米|南,850,万,单价50467元/平米,5人关注/13天前发布,青浦,bp800ep1000,l5
别墅的环境公寓的配套。交通便利，近地铁，G50高速，,107001253333,东方庭院(别墅),https://sh.ke.com/xiaoqu/5011000015626/,低楼层(共3层)|2009年建|5室3厅|282.4平米|南,900,万,单价31870元/平米,59人关注/4年前发布,青浦,bp800ep1000,l5
双拼临河景观房，附大露台，车库，地下室，房本满五年,107102919100,文苑,https://sh.ke.com/xiaoqu/5020049014027256/,低楼层(共3层)|2008年建|5室2厅|217.66平米|南,810,万,单价37215元/平米,24人关注/8月前发布,青浦,bp800ep1000,l5
夏都小镇旁笋盘独栋，满五年，南临河南花园视野开阔,107103521311,西郊美林馆,https://sh.ke.com/xiaoqu/5011000015772/,低楼层(共3层)|1997年建|5室2厅|338.01平米|南,2500,万,单价73963元/平米,34人关注/2月前发布,青浦,bp1000ep100000,l5
国企锦江开发万科物业管理类独栋别墅南花园400平,107103594604,锦绣逸庭(别墅),https://sh.ke.com/xiaoqu/5011000003034/,低楼层(共1层)|2014年建|5室2厅|457.29平米|南,2080,万,单价45486元/平米,33人关注/1月前发布,青浦,bp1000ep100000,l5
南进门南花园，大面宽，自住装修保养好，,107103530023,绿波花园别墅,https://sh.ke.com/xiaoqu/5011000015763/,低楼层(共2层)|2003年建|5室2厅|334平米|南,2600,万,单价77845元/平米,20人关注/2月前发布,青浦,bp1000ep100000,l5
可停四辆车以上，带私家泳池，五房全朝南，精心设计,107103539878,大华西郊别墅,https://sh.ke.com/xiaoqu/5011000016366/,低楼层(共2层)|2013年建|5室3厅|443.53平米|南,4680,万,单价105518元/平米,81人关注/2月前发布,青浦,bp1000ep100000,l5
空调+地暖+新风系统，业主很诚意出售，随时看房！,107103686672,绿地国际山庄,https://sh.ke.com/xiaoqu/5011000014794/,低楼层(共3层)|2007年建|5室2厅|285.78平米|南,1350,万,单价47240元/平米,35人关注/28天前发布,青浦,bp1000ep100000,l5
银涛别墅：临大河独栋，*大挑空，大花园，景观好,107103539949,银涛高尔夫别墅,https://sh.ke.com/xiaoqu/5011000017192/,低楼层(共2层)|2003年建|5室2厅|432平米|南,3500,万,单价81019元/平米,18人关注/2月前发布,青浦,bp1000ep100000,l5
双拼别墅，满五唯yi，山姆会员chao市，赵巷板块,107103787242,龙湖滟澜山(别墅),https://sh.ke.com/xiaoqu/5011000002897/,低楼层(共4层)|2010年建|5室2厅|411.04平米|南,1980,万,单价48171元/平米,2人关注/9天前发布,青浦,bp1000ep100000,l5
李嘉诚旗下类独栋别墅泷湾苑有天有地边套户型,107103725808,泷湾苑,https://sh.ke.com/xiaoqu/5011000018577/,低楼层(共1层)|2015年建|5室3厅|431平米|南北,1430,万,单价33179元/平米,14人关注/20天前发布,青浦,bp1000ep100000,l5
独栋大花园精装修位置安静诚意出售,107103252851,绿波花园别墅,https://sh.ke.com/xiaoqu/5011000015763/,低楼层(共3层)|2004年建|5室2厅|472.12平米|南,3380,万,单价71592元/平米,10人关注/5月前发布,青浦,bp1000ep100000,l5
观庭别墅美式莱特风纯毛坯独栋产证满五业主诚售,107103174304,观庭,https://sh.ke.com/xiaoqu/5011000016229/,低楼层(共2层)|2010年建|5室2厅|355.36平米|南,2000,万,单价56281元/平米,67人关注/5月前发布,青浦,bp1000ep100000,l5
仁恒西郊大户型带地下室近地铁带中空地暖,107103032191,仁恒西郊花园,https://sh.ke.com/xiaoqu/5011000000986/,低楼层(共19层)|2015年建|5室2厅|310.71平米|南,1930,万,单价62116元/平米,106人关注/7月前发布,青浦,bp1000ep100000,l5
邻河独栋别墅，原始毛坯户型，面宽宽，进深短，采光好,107102979563,大华西郊别墅,https://sh.ke.com/xiaoqu/5011000016366/,低楼层(共2层)|2013年建|5室2厅|522.09平米|南,4500,万,单价86193元/平米,14人关注/7月前发布,青浦,bp1000ep100000,l5
虹桥国展旁，近地铁双拼别墅，房型方正，采光好,107101966184,安盛杉庄,https://sh.ke.com/xiaoqu/5011000017760/,低楼层(共3层)|2001年建|5室2厅|222.96平米|南,1550,万,单价69520元/平米,77人关注/1年前发布,青浦,bp1000ep100000,l5
泷湾大户型别墅毛坯，改造空间大，诚意出售,107100914619,泷湾苑,https://sh.ke.com/xiaoqu/5011000018577/,低楼层(共1层)|2016年建|5室3厅|515.41平米|南,1400,万,单价27163元/平米,63人关注/2年前发布,青浦,bp1000ep100000,l5
自住精装修，满五年，花园占地2亩地，栋距开阔。,107002110017,长堤花园别墅,https://sh.ke.com/xiaoqu/5011000014081/,低楼层(共2层)|2005年建|5室3厅|515.26平米|南,3500,万,单价67927元/平米,173人关注/3年前发布,青浦,bp1000ep100000,l5
国展，虹桥，双规交，难得好地段特价别墅，看房随时,107002171611,久事西郊名墅,https://sh.ke.com/xiaoqu/5011000010051/,低楼层(共2层)|2014年建|5室3厅|481.18平米|南,4600,万,单价95599元/平米,109人关注/3年前发布,青浦,bp1000ep100000,l5
*大花园花园集中南面，北进门南花园，看房方便,107000204211,丽都别墅,https://sh.ke.com/xiaoqu/5011000012921/,低楼层(共2层)|2003年建|5室4厅|708.03平米|南,4200,万,单价59320元/平米,34人关注/3年前发布,青浦,bp1000ep100000,l5
诚意业主，诚心出售，只待有缘人！,107103515487,泷湾苑,https://sh.ke.com/xiaoqu/5011000018577/,低楼层(共1层)|2015年建|5室3厅|431.06平米|南,1350,万,单价31319元/平米,0人关注/2月前发布,青浦,bp1000ep100000,l5
大虹桥徐泾板块|边套户型|客厅挑高舒适户型|改善住宅,107103782001,金水湾(别墅),https://sh.ke.com/xiaoqu/5011000004086/,低楼层(共3层)|2003年建|5室2厅|237.17平米|南北,1150,万,单价48489元/平米,26人关注/10天前发布,青浦,bp1000ep100000,l5
精装独栋别墅，私家花园，小区绿化好，近三条地铁,107103781003,海天花园(别墅),https://sh.ke.com/xiaoqu/5011000017264/,低楼层(共2层)|2002年建|5室2厅|313.12平米|南,2550,万,单价81439元/平米,2人关注/10天前发布,青浦,bp1000ep100000,l5
大虹桥别墅+大户型别墅边套+五百平大花园,107102612550,绿地海珀风华(别墅),https://sh.ke.com/xiaoqu/5011000001032/,低楼层(共3层)5室2厅|497.64平米|南,2600,万,单价52247元/平米,88人关注/10月前发布,青浦,bp1000ep100000,l5
满五年*+精装独栋+占地3亩+恒联楼汪+南临大湖,107102585728,恒联名人世家,https://sh.ke.com/xiaoqu/5011000015279/,低楼层(共2层)|2005年建|5室3厅|804.43平米|南,5800,万,单价72101元/平米,12人关注/10月前发布,青浦,bp1000ep100000,l5
品质小区占地1100多平开发商样板房诚意出售,107102104439,圣安德鲁斯庄园,https://sh.ke.com/xiaoqu/5011000013809/,低楼层(共2层)|2009年建|5室2厅|574.58平米|南,3000,万,单价52213元/平米,40人关注/1年前发布,青浦,bp1000ep100000,l5
香水湾，纯独栋小区，样板房同户型，业主诚意出售。,107102100272,香水湾,https://sh.ke.com/xiaoqu/5011000009666/,低楼层(共2层)|2012年建|5室2厅|777.81平米|南,3600,万,单价46284元/平米,17人关注/1年前发布,青浦,bp1000ep100000,l5
联排别墅临河精装修满五税少,107102024673,东渡和院,https://sh.ke.com/xiaoqu/5011102207257/,低楼层(共3层)|2014年建|5室2厅|327.64平米|南,1590,万,单价48529元/平米,20人关注/1年前发布,青浦,bp1000ep100000,l5
类独栋别墅精装修大花园拎包入住,107101880147,古北香堤艺墅,https://sh.ke.com/xiaoqu/5011000020088/,低楼层(共3层)|2014年建|5室3厅|338.71平米|南北,1300,万,单价38381元/平米,61人关注/1年前发布,青浦,bp1000ep100000,l5
空置房屋，诚意出售，可接受置换，3年新装修，花园大,107100230301,恒联名人世家,https://sh.ke.com/xiaoqu/5011000015279/,低楼层(共2层)|2005年建|5室3厅|508.81平米|南,2500,万,单价49135元/平米,63人关注/2年前发布,青浦,bp1000ep100000,l5
使用面积大虹桥商务区储备用地旁边总价低联排别墅,107000202625,怡君苑,https://sh.ke.com/xiaoqu/5011000016045/,低楼层(共3层)|2004年建|5室3厅|374.27平米|南,1700,万,单价45422元/平米,149人关注/4年前发布,青浦,bp1000ep100000,l5
北进门花园方正集中朝南产证满5年省税精装5房,107103774820,绿波花园别墅,https://sh.ke.com/xiaoqu/5011000015763/,低楼层(共2层)|2003年建|5室4厅|297.64平米|南北,2900,万,单价97434元/平米,1人关注/12天前发布,青浦,bp1000ep100000,l5
临国家会展小区带公园间距宽阔精装随时看房,107103622759,海天花园(别墅),https://sh.ke.com/xiaoqu/5011000017264/,低楼层(共2层)5室2厅|340.58平米|南,2300,万,单价67532元/平米,9人关注/1月前发布,青浦,bp1000ep100000,l5
四联排边套+大花园+精装拎包入住,107103339559,合生朗廷,https://sh.ke.com/xiaoqu/5011000012749/,低楼层(共3层)|2009年建|5室2厅|311.27平米|南,1300,万,单价41765元/平米,7人关注/4月前发布,青浦,bp1000ep100000,l5
优选好房，观河景，环境优美，大花园，诚意出售。,107103328466,颐湾丽庭,https://sh.ke.com/xiaoqu/5011063808461/,低楼层(共1层)|2015年建|5室2厅|432.63平米|南,1030,万,单价23808元/平米,17人关注/4月前发布,青浦,bp1000ep100000,l5
南花园，小区正中位置，业主诚意出售，方便看房！,107103159657,绿地国际山庄,https://sh.ke.com/xiaoqu/5011000014794/,低楼层(共3层)|2007年建|5室2厅|285.74平米|南,1430,万,单价50046元/平米,37人关注/5月前发布,青浦,bp1000ep100000,l5
中海集团开发，地铁独栋，精装修，近国展，绿化好！,107102682177,海天花园(别墅),https://sh.ke.com/xiaoqu/5011000017264/,低楼层(共3层)|2000年建|5室4厅|289.65平米|南北,2580,万,单价89074元/平米,21人关注/9月前发布,青浦,bp1000ep100000,l5
"满5年,复楼,精装修,17号地铁青浦新城站+配套齐,便利",107103770068,新青浦花苑(一区),https://sh.ke.com/xiaoqu/5011000004439/,低楼层(共5层)|1998年建|5室2厅|216.73平米|南,1058,万,单价48817元/平米,6人关注/13天前发布,青浦,bp1000ep100000,l5
税费少户型方正顶楼复式自住装修,107103548241,九华苑,https://sh.ke.com/xiaoqu/5011000011527/,高楼层(共5层)|2004年建|5室1厅|235.23平米|南,410,万,单价17430元/平米,21人关注/2月前发布,奉贤,bp400ep500,l5
海湾旅游区合院别墅旭辉品质永升物业自住事宜,107103184002,海湾国际名苑,https://sh.ke.com/xiaoqu/5011000012452/,低楼层(共1层)|2013年建|5室2厅|380.49平米|南,450,万,单价11827元/平米,52人关注/5月前发布,奉贤,bp400ep500,l5
精装修带地暖诚心出售，此面积不带车库面积，看房方便,107103114589,海湾国际名苑,https://sh.ke.com/xiaoqu/5011000012452/,低楼层(共1层)|2013年建|5室3厅|290.4平米|南,490,万,单价16874元/平米,29人关注/6月前发布,奉贤,bp400ep500,l5
顶楼复式，诚心出售，有价格空间，看中可谈,107102958987,贝港花苑,https://sh.ke.com/xiaoqu/5011000003570/,高楼层(共5层)|2003年建|5室2厅|216.26平米|南,418,万,单价19329元/平米,32人关注/7月前发布,奉贤,bp400ep500,l5
配套全、地铁口、顶楼复式、支配自由！,107103515847,奉浦苑,https://sh.ke.com/xiaoqu/5011000002914/,高楼层(共5层)|1998年建|5室2厅|202.67平米|南,500,万,单价24671元/平米,0人关注/2月前发布,奉贤,bp400ep500,l5
满五年，业主诚心出售，可拎包入住,107102729651,绿地香颂(奉贤)(别墅),https://sh.ke.com/xiaoqu/5011000011415/,低楼层(共3层)|2007年建|5室2厅|191.49平米|南北,458,万,单价23918元/平米,21人关注/9月前发布,奉贤,bp400ep500,l5
地铁5号线满五精装修大面积复式带阁楼,107103694803,众旺苑,https://sh.ke.com/xiaoqu/5011000003779/,中楼层(共5层)|2007年建|5室1厅|245.21平米|南,541,万,单价22063元/平米,18人关注/27天前发布,奉贤,bp500ep600,l5
5号线+恒盛+金海湖+好位置+格局好+配套好,107103574706,恒盛湖畔豪庭,https://sh.ke.com/xiaoqu/5011000004909/,低楼层(共17层)|2011年建|5室3厅|161.48平米|南北,552,万,单价34184元/平米,27人关注/2月前发布,奉贤,bp500ep600,l5
电梯顶楼复式，户型正气，带露台，纯毛坯诚意出售,107103628538,阳光四季园,https://sh.ke.com/xiaoqu/5011000005538/,高楼层(共17层)|2006年建|5室3厅|231.53平米|南,600,万,单价25915元/平米,11人关注/1月前发布,奉贤,bp500ep600,l5
配套全、地铁口、顶楼复式、支配自由！,107103515847,奉浦苑,https://sh.ke.com/xiaoqu/5011000002914/,高楼层(共5层)|1998年建|5室2厅|202.67平米|南,500,万,单价24671元/平米,0人关注/2月前发布,奉贤,bp500ep600,l5
庭院别墅。精装修。房东诚心卖。看房方便,107103212913,海湾国际名苑,https://sh.ke.com/xiaoqu/5011000012452/,低楼层(共1层)|2013年建|5室2厅|388.35平米|南北,570,万,单价14678元/平米,132人关注/5月前发布,奉贤,bp500ep600,l5
边套大花园，高品质墅区，房东诚意出售,107100714843,棕榈滩别墅,https://sh.ke.com/xiaoqu/5011000017321/,低楼层(共3层)|2004年建|5室3厅|289.57平米|南,530,万,单价18304元/平米,32人关注/2年前发布,奉贤,bp500ep600,l5
绿地独栋精装修别墅，实木家具，品质生活,107102241665,绿地香颂(奉贤)(别墅),https://sh.ke.com/xiaoqu/5011000011415/,低楼层(共2层)|2013年建|5室2厅|419.02平米|南,570,万,单价13604元/平米,157人关注/1年前发布,奉贤,bp500ep600,l5
绿地香颂独栋别墅，位置好，花园大，房东诚意出售,107103725613,绿地香颂(奉贤)(别墅),https://sh.ke.com/xiaoqu/5011000011415/,低楼层(共2层)|2012年建|5室2厅|427.51平米|南,520,万,单价12164元/平米,22人关注/20天前发布,奉贤,bp500ep600,l5
旭辉集团开发纯别墅小区类独栋税费少,107100924387,海湾国际名苑,https://sh.ke.com/xiaoqu/5011000012452/,低楼层(共1层)|2013年建|5室3厅|385.47平米|南北,518,万,单价13439元/平米,16人关注/2年前发布,奉贤,bp500ep600,l5
电梯顶楼复式，户型正气，带露台，纯毛坯诚意出售,107103628538,阳光四季园,https://sh.ke.com/xiaoqu/5011000005538/,高楼层(共17层)|2006年建|5室3厅|231.53平米|南,600,万,单价25915元/平米,11人关注/1月前发布,奉贤,bp600ep700,l5
临河上叠小区位置安静房东诚意精装修,107103463784,奉浦苑,https://sh.ke.com/xiaoqu/5011000002914/,低楼层(共3层)|1999年建|5室2厅|212.3平米|南,700,万,单价32973元/平米,1人关注/3月前发布,奉贤,bp600ep700,l5
金都联排别墅，精装修拎包入住，税少，诚心出售！,107103294442,金都雅苑(别墅),https://sh.ke.com/xiaoqu/5011102206618/,低楼层(共1层)|2005年建|5室3厅|187.65平米|南,695,万,单价37038元/平米,52人关注/4月前发布,奉贤,bp600ep700,l5
电梯顶楼复式，带大露台。四南房+一北房+2厅,107102468719,阳光四季园,https://sh.ke.com/xiaoqu/5011000005538/,高楼层(共17层)|2006年建|5室3厅|249.79平米|南,620,万,单价24821元/平米,43人关注/11月前发布,奉贤,bp600ep700,l5
花园住宅海湾旅游区奉贤独栋别墅花园200多平,107102067863,招商海廷,https://sh.ke.com/xiaoqu/5011000011409/,低楼层(共2层)|2013年建|5室2厅|245.97平米|南,618,万,单价25126元/平米,48人关注/1年前发布,奉贤,bp600ep700,l5
(电梯大平层5房)(含产权车位)(朝南大阳台：震撼),107102007416,同盛南桥花园,https://sh.ke.com/xiaoqu/5011000004160/,中楼层(共18层)|2011年建|5室2厅|163.7平米|南,640,万,单价39096元/平米,25人关注/1年前发布,奉贤,bp600ep700,l5
临河上叠小区位置安静房东诚意精装修,107103463784,奉浦苑,https://sh.ke.com/xiaoqu/5011000002914/,低楼层(共3层)|1999年建|5室2厅|212.3平米|南,700,万,单价32973元/平米,1人关注/3月前发布,奉贤,bp700ep800,l5
金都雅苑2005年房龄联排别墅，小区中间位置得房率高,107103443802,金都雅苑(别墅),https://sh.ke.com/xiaoqu/5011102206618/,低楼层(共1层)|2005年建|5室1厅|246.03平米|南北,750,万,单价30485元/平米,13人关注/3月前发布,奉贤,bp700ep800,l5
地铁口联排中间套。满五年，有露台院子车库,107103736660,九华新园,https://sh.ke.com/xiaoqu/5011000003475/,低楼层(共1层)|2006年建|5室1厅|247平米|南,940,万,单价38057元/平米,8人关注/18天前发布,奉贤,bp800ep1000,l5
地铁口别墅，4个南房间，有篮球场大的做好露台！,107103765591,九华新园,https://sh.ke.com/xiaoqu/5011000003475/,低楼层(共3层)|2006年建|5室2厅|260.03平米|南,910,万,单价34996元/平米,14人关注/14天前发布,奉贤,bp800ep1000,l5
精装独栋，临河花园面积大，物业管理好，看房随时。,107103474955,招商海廷,https://sh.ke.com/xiaoqu/5011000011409/,低楼层(共2层)|2013年建|5室2厅|303.88平米|南,880,万,单价28959元/平米,13人关注/3月前发布,奉贤,bp800ep1000,l5
双拼别墅近地铁纯毛坯未入住过,107101793891,南郊御墅,https://sh.ke.com/xiaoqu/5011000005528/,低楼层(共1层)|2011年建|5室3厅|432.38平米|南,2000,万,单价46256元/平米,30人关注/1年前发布,奉贤,bp1000ep100000,l5
产证满五年价格有空间独立花园看房随时,107103416876,招商海廷(五期),https://sh.ke.com/xiaoqu/5013759302874026/,低楼层(共1层)|2012年建|5室2厅|411.37平米|南,1200,万,单价29171元/平米,8人关注/3月前发布,奉贤,bp1000ep100000,l5
直达上海南站+万达百联+小区中间+复式+位置安静,107103702394,金海岸花园,https://sh.ke.com/xiaoqu/5011000013682/,高楼层(共11层)|2003年建|5室3厅|203平米|南北,410,万,单价20198元/平米,4人关注/25天前发布,金山,bp400ep500,l5
近地铁22号线＋户型好+近百联,107103087705,合生财富海景公馆,https://sh.ke.com/xiaoqu/5011063689108/,低楼层(共25层)5室3厅|175.98平米|南,440,万,单价25003元/平米,0人关注/6月前发布,金山,bp400ep500,l5
满五年，纯别墅区，精装修，业主自住，看房方便,107103695774,清风别墅,https://sh.ke.com/xiaoqu/5011000004046/,低楼层(共3层)|2008年建|5室2厅|248平米|南北,1080,万,单价43549元/平米,3人关注/27天前发布,金山,bp1000ep100000,l5
